{"Deeplink":"","activityName":"CreateAndEditRecipeActivity","clickable_list":["/FrameLayout/LinearLayout/FrameLayout/LinearLayout/FrameLayout/ViewGroup/LinearLayout/ViewGroup/Button","/FrameLayout/LinearLayout/FrameLayout/LinearLayout/FrameLayout/ViewGroup/LinearLayout/ViewGroup/ImageButton","/FrameLayout/LinearLayout/FrameLayout/LinearLayout/FrameLayout/ViewGroup/LinearLayout/ViewGroup/TextView","/FrameLayout/LinearLayout/FrameLayout/LinearLayout/FrameLayout/ViewGroup/ScrollView/LinearLayout/LinearLayout","/FrameLayout/LinearLayout/FrameLayout/LinearLayout/FrameLayout/ViewGroup/ScrollView/LinearLayout/ViewGroup/ImageView","/FrameLayout/LinearLayout/FrameLayout/LinearLayout/FrameLayout/ViewGroup/ScrollView/LinearLayout/LinearLayout/FrameLayout/EditText","/FrameLayout/LinearLayout/FrameLayout/LinearLayout/FrameLayout/ViewGroup/ScrollView/LinearLayout/ViewGroup/LinearLayout/ImageView","/FrameLayout/LinearLayout/FrameLayout/LinearLayout/FrameLayout/ViewGroup/ScrollView/LinearLayout/LinearLayout/FrameLayout/LinearLayout/ImageButton","/FrameLayout/LinearLayout/FrameLayout/LinearLayout/FrameLayout/ViewGroup/ScrollView/LinearLayout/LinearLayout/FrameLayout/LinearLayout/FrameLayout/ImageButton"],"deeplink":"","hasWebview":false,"relativeCount":0,"root":{"children":[{"children":[{"children":[{"children":[{"children":[{"children":[{"children":[{"children":[{"children":[{"children":[],"clickable":true,"contentDesc":"","depth":9,"height":126,"isList":false,"nodeRelateHash":93191544,"path":"/FrameLayout/LinearLayout/FrameLayout/LinearLayout/FrameLayout/ViewGroup/LinearLayout/ViewGroup/Button","resourceID":"com.flauschcode.broccoli:id/button_save_recipe","total_view":1,"viewNodeIDRelative":0,"viewTag":"android.widget.Button","viewText":"","webContent":false,"width":231,"x":838,"xpath":"/FrameLayout/LinearLayout/FrameLayout/LinearLayout/FrameLayout/ViewGroup/LinearLayout/ViewGroup/Button","y":73},{"children":[],"clickable":true,"contentDesc":"Navigate up","depth":9,"height":147,"isList":false,"nodeRelateHash":93198271,"path":"/FrameLayout/LinearLayout/FrameLayout/LinearLayout/FrameLayout/ViewGroup/LinearLayout/ViewGroup/ImageButton","resourceID":"","total_view":1,"viewNodeIDRelative":0,"viewTag":"android.widget.ImageButton","viewText":"","webContent":false,"width":147,"x":0,"xpath":"/FrameLayout/LinearLayout/FrameLayout/LinearLayout/FrameLayout/ViewGroup/LinearLayout/ViewGroup/ImageButton","y":63},{"children":[],"clickable":true,"contentDesc":"","depth":9,"height":71,"isList":false,"nodeRelateHash":93208842,"path":"/FrameLayout/LinearLayout/FrameLayout/LinearLayout/FrameLayout/ViewGroup/LinearLayout/ViewGroup/TextView","resourceID":"","total_view":1,"viewNodeIDRelative":0,"viewTag":"android.widget.TextView","viewText":"New Recipe","webContent":false,"width":286,"x":189,"xpath":"/FrameLayout/LinearLayout/FrameLayout/LinearLayout/FrameLayout/ViewGroup/LinearLayout/ViewGroup/TextView","y":101}],"clickable":true,"contentDesc":"","depth":8,"height":147,"isList":false,"nodeRelateHash":-315742978,"path":"/FrameLayout/LinearLayout/FrameLayout/LinearLayout/FrameLayout/ViewGroup/LinearLayout/ViewGroup","resourceID":"com.flauschcode.broccoli:id/toolbar","total_view":4,"viewNodeIDRelative":0,"viewTag":"android.view.ViewGroup","viewText":"","webContent":false,"width":1080,"x":0,"xpath":"/FrameLayout/LinearLayout/FrameLayout/LinearLayout/FrameLayout/ViewGroup/LinearLayout/ViewGroup","y":63}],"clickable":true,"contentDesc":"","depth":7,"height":147,"isList":false,"nodeRelateHash":-509860465,"path":"/FrameLayout/LinearLayout/FrameLayout/LinearLayout/FrameLayout/ViewGroup/LinearLayout","resourceID":"","total_view":5,"viewNodeIDRelative":0,"viewTag":"android.widget.LinearLayout","viewText":"","webContent":false,"width":1080,"x":0,"xpath":"/FrameLayout/LinearLayout/FrameLayout/LinearLayout/FrameLayout/ViewGroup/LinearLayout","y":63},{"children":[{"children":[{"children":[{"children":[{"children":[],"clickable":true,"contentDesc":"","depth":11,"height":147,"isList":false,"nodeRelateHash":-1405940258,"path":"/FrameLayout/LinearLayout/FrameLayout/LinearLayout/FrameLayout/ViewGroup/ScrollView/LinearLayout/LinearLayout/FrameLayout/EditText","resourceID":"com.flauschcode.broccoli:id/new_categories","total_view":1,"viewNodeIDRelative":0,"viewTag":"android.widget.EditText","viewText":"","webContent":false,"width":996,"x":42,"xpath":"/FrameLayout/LinearLayout/FrameLayout/LinearLayout/FrameLayout/ViewGroup/ScrollView/LinearLayout/LinearLayout/FrameLayout/EditText","y":905},{"children":[{"children":[],"clickable":true,"contentDesc":"","depth":12,"height":126,"isList":false,"nodeRelateHash":-1405821093,"path":"/FrameLayout/LinearLayout/FrameLayout/LinearLayout/FrameLayout/ViewGroup/ScrollView/LinearLayout/LinearLayout/FrameLayout/LinearLayout/ImageButton","resourceID":"com.flauschcode.broccoli:id/text_input_start_icon","total_view":1,"viewNodeIDRelative":0,"viewTag":"android.widget.ImageButton","viewText":"","webContent":false,"width":126,"x":42,"xpath":"/FrameLayout/LinearLayout/FrameLayout/LinearLayout/FrameLayout/ViewGroup/ScrollView/LinearLayout/LinearLayout/FrameLayout/LinearLayout/ImageButton","y":915}],"clickable":true,"contentDesc":"","depth":11,"height":147,"isList":false,"nodeRelateHash":-925733903,"path":"/FrameLayout/LinearLayout/FrameLayout/LinearLayout/FrameLayout/ViewGroup/ScrollView/LinearLayout/LinearLayout/FrameLayout/LinearLayout","resourceID":"","total_view":2,"viewNodeIDRelative":0,"viewTag":"android.widget.LinearLayout","viewText":"","webContent":false,"width":137,"x":42,"xpath":"/FrameLayout/LinearLayout/FrameLayout/LinearLayout/FrameLayout/ViewGroup/ScrollView/LinearLayout/LinearLayout/FrameLayout/LinearLayout","y":905},{"children":[{"children":[{"children":[],"clickable":true,"contentDesc":"","depth":13,"height":126,"isList":false,"nodeRelateHash":-1405821092,"path":"/FrameLayout/LinearLayout/FrameLayout/LinearLayout/FrameLayout/ViewGroup/ScrollView/LinearLayout/LinearLayout/FrameLayout/LinearLayout/FrameLayout/ImageButton","resourceID":"com.flauschcode.broccoli:id/text_input_end_icon","total_view":1,"viewNodeIDRelative":0,"viewTag":"android.widget.ImageButton","viewText":"","webContent":false,"width":126,"x":912,"xpath":"/FrameLayout/LinearLayout/FrameLayout/LinearLayout/FrameLayout/ViewGroup/ScrollView/LinearLayout/LinearLayout/FrameLayout/LinearLayout/FrameLayout/ImageButton","y":915}],"clickable":true,"contentDesc":"","depth":12,"height":147,"isList":false,"nodeRelateHash":-1252027447,"path":"/FrameLayout/LinearLayout/FrameLayout/LinearLayout/FrameLayout/ViewGroup/ScrollView/LinearLayout/LinearLayout/FrameLayout/LinearLayout/FrameLayout","resourceID":"","total_view":2,"viewNodeIDRelative":0,"viewTag":"android.widget.FrameLayout","viewText":"","webContent":false,"width":137,"x":901,"xpath":"/FrameLayout/LinearLayout/FrameLayout/LinearLayout/FrameLayout/ViewGroup/ScrollView/LinearLayout/LinearLayout/FrameLayout/LinearLayout/FrameLayout","y":905}],"clickable":true,"contentDesc":"","depth":11,"height":147,"isList":false,"nodeRelateHash":-78069706,"path":"/FrameLayout/LinearLayout/FrameLayout/LinearLayout/FrameLayout/ViewGroup/ScrollView/LinearLayout/LinearLayout/FrameLayout/LinearLayout","resourceID":"","total_view":3,"viewNodeIDRelative":0,"viewTag":"android.widget.LinearLayout","viewText":"","webContent":false,"width":137,"x":901,"xpath":"/FrameLayout/LinearLayout/FrameLayout/LinearLayout/FrameLayout/ViewGroup/ScrollView/LinearLayout/LinearLayout/FrameLayout/LinearLayout","y":905}],"clickable":true,"contentDesc":"","depth":10,"height":147,"isList":false,"nodeRelateHash":-1692651765,"path":"/FrameLayout/LinearLayout/FrameLayout/LinearLayout/FrameLayout/ViewGroup/ScrollView/LinearLayout/LinearLayout/FrameLayout","resourceID":"","total_view":7,"viewNodeIDRelative":0,"viewTag":"android.widget.FrameLayout","viewText":"","webContent":false,"width":996,"x":42,"xpath":"/FrameLayout/LinearLayout/FrameLayout/LinearLayout/FrameLayout/ViewGroup/ScrollView/LinearLayout/LinearLayout/FrameLayout","y":905}],"clickable":true,"contentDesc":"","depth":9,"height":203,"isList":false,"nodeRelateHash":-123404339,"path":"/FrameLayout/LinearLayout/FrameLayout/LinearLayout/FrameLayout/ViewGroup/ScrollView/LinearLayout/LinearLayout","resourceID":"","total_view":8,"viewNodeIDRelative":0,"viewTag":"android.widget.LinearLayout","viewText":"","webContent":false,"width":1080,"x":0,"xpath":"/FrameLayout/LinearLayout/FrameLayout/LinearLayout/FrameLayout/ViewGroup/ScrollView/LinearLayout/LinearLayout","y":891},{"children":[],"clickable":true,"contentDesc":"","depth":9,"height":14,"isList":false,"nodeRelateHash":93201154,"path":"/FrameLayout/LinearLayout/FrameLayout/LinearLayout/FrameLayout/ViewGroup/ScrollView/LinearLayout/LinearLayout","resourceID":"","total_view":1,"viewNodeIDRelative":0,"viewTag":"android.widget.LinearLayout","viewText":"","webContent":false,"width":1080,"x":0,"xpath":"/FrameLayout/LinearLayout/FrameLayout/LinearLayout/FrameLayout/ViewGroup/ScrollView/LinearLayout/LinearLayout","y":1906},{"children":[{"children":[{"children":[],"clickable":true,"contentDesc":"","depth":11,"height":147,"isList":false,"nodeRelateHash":-1405940258,"path":"/FrameLayout/LinearLayout/FrameLayout/LinearLayout/FrameLayout/ViewGroup/ScrollView/LinearLayout/LinearLayout/FrameLayout/EditText","resourceID":"com.flauschcode.broccoli:id/new_title","total_view":1,"viewNodeIDRelative":0,"viewTag":"android.widget.EditText","viewText":"","webContent":false,"width":996,"x":42,"xpath":"/FrameLayout/LinearLayout/FrameLayout/LinearLayout/FrameLayout/ViewGroup/ScrollView/LinearLayout/LinearLayout/FrameLayout/EditText","y":702},{"children":[{"children":[],"clickable":true,"contentDesc":"","depth":12,"height":126,"isList":false,"nodeRelateHash":-1405821093,"path":"/FrameLayout/LinearLayout/FrameLayout/LinearLayout/FrameLayout/ViewGroup/ScrollView/LinearLayout/LinearLayout/FrameLayout/LinearLayout/ImageButton","resourceID":"com.flauschcode.broccoli:id/text_input_start_icon","total_view":1,"viewNodeIDRelative":0,"viewTag":"android.widget.ImageButton","viewText":"","webContent":false,"width":126,"x":42,"xpath":"/FrameLayout/LinearLayout/FrameLayout/LinearLayout/FrameLayout/ViewGroup/ScrollView/LinearLayout/LinearLayout/FrameLayout/LinearLayout/ImageButton","y":712}],"clickable":true,"contentDesc":"","depth":11,"height":147,"isList":false,"nodeRelateHash":-925733903,"path":"/FrameLayout/LinearLayout/FrameLayout/LinearLayout/FrameLayout/ViewGroup/ScrollView/LinearLayout/LinearLayout/FrameLayout/LinearLayout","resourceID":"","total_view":2,"viewNodeIDRelative":0,"viewTag":"android.widget.LinearLayout","viewText":"","webContent":false,"width":137,"x":42,"xpath":"/FrameLayout/LinearLayout/FrameLayout/LinearLayout/FrameLayout/ViewGroup/ScrollView/LinearLayout/LinearLayout/FrameLayout/LinearLayout","y":702}],"clickable":true,"contentDesc":"","depth":10,"height":147,"isList":false,"nodeRelateHash":2036018573,"path":"/FrameLayout/LinearLayout/FrameLayout/LinearLayout/FrameLayout/ViewGroup/ScrollView/LinearLayout/LinearLayout/FrameLayout","resourceID":"","total_view":4,"viewNodeIDRelative":0,"viewTag":"android.widget.FrameLayout","viewText":"","webContent":false,"width":996,"x":42,"xpath":"/FrameLayout/LinearLayout/FrameLayout/LinearLayout/FrameLayout/ViewGroup/ScrollView/LinearLayout/LinearLayout/FrameLayout","y":702}],"clickable":true,"contentDesc":"","depth":9,"height":203,"isList":false,"nodeRelateHash":211190013,"path":"/FrameLayout/LinearLayout/FrameLayout/LinearLayout/FrameLayout/ViewGroup/ScrollView/LinearLayout/LinearLayout","resourceID":"","total_view":5,"viewNodeIDRelative":0,"viewTag":"android.widget.LinearLayout","viewText":"","webContent":false,"width":1080,"x":0,"xpath":"/FrameLayout/LinearLayout/FrameLayout/LinearLayout/FrameLayout/ViewGroup/ScrollView/LinearLayout/LinearLayout","y":688},{"children":[{"children":[{"children":[],"clickable":true,"contentDesc":"","depth":11,"height":147,"isList":false,"nodeRelateHash":-1405940258,"path":"/FrameLayout/LinearLayout/FrameLayout/LinearLayout/FrameLayout/ViewGroup/ScrollView/LinearLayout/LinearLayout/FrameLayout/EditText","resourceID":"com.flauschcode.broccoli:id/new_description","total_view":1,"viewNodeIDRelative":0,"viewTag":"android.widget.EditText","viewText":"","webContent":false,"width":996,"x":42,"xpath":"/FrameLayout/LinearLayout/FrameLayout/LinearLayout/FrameLayout/ViewGroup/ScrollView/LinearLayout/LinearLayout/FrameLayout/EditText","y":1108},{"children":[{"children":[],"clickable":true,"contentDesc":"","depth":12,"height":126,"isList":false,"nodeRelateHash":-1405821093,"path":"/FrameLayout/LinearLayout/FrameLayout/LinearLayout/FrameLayout/ViewGroup/ScrollView/LinearLayout/LinearLayout/FrameLayout/LinearLayout/ImageButton","resourceID":"com.flauschcode.broccoli:id/text_input_start_icon","total_view":1,"viewNodeIDRelative":0,"viewTag":"android.widget.ImageButton","viewText":"","webContent":false,"width":126,"x":42,"xpath":"/FrameLayout/LinearLayout/FrameLayout/LinearLayout/FrameLayout/ViewGroup/ScrollView/LinearLayout/LinearLayout/FrameLayout/LinearLayout/ImageButton","y":1118}],"clickable":true,"contentDesc":"","depth":11,"height":147,"isList":false,"nodeRelateHash":-925733903,"path":"/FrameLayout/LinearLayout/FrameLayout/LinearLayout/FrameLayout/ViewGroup/ScrollView/LinearLayout/LinearLayout/FrameLayout/LinearLayout","resourceID":"","total_view":2,"viewNodeIDRelative":0,"viewTag":"android.widget.LinearLayout","viewText":"","webContent":false,"width":137,"x":42,"xpath":"/FrameLayout/LinearLayout/FrameLayout/LinearLayout/FrameLayout/ViewGroup/ScrollView/LinearLayout/LinearLayout/FrameLayout/LinearLayout","y":1108}],"clickable":true,"contentDesc":"","depth":10,"height":147,"isList":false,"nodeRelateHash":2036018573,"path":"/FrameLayout/LinearLayout/FrameLayout/LinearLayout/FrameLayout/ViewGroup/ScrollView/LinearLayout/LinearLayout/FrameLayout","resourceID":"","total_view":4,"viewNodeIDRelative":0,"viewTag":"android.widget.FrameLayout","viewText":"","webContent":false,"width":996,"x":42,"xpath":"/FrameLayout/LinearLayout/FrameLayout/LinearLayout/FrameLayout/ViewGroup/ScrollView/LinearLayout/LinearLayout/FrameLayout","y":1108}],"clickable":true,"contentDesc":"","depth":9,"height":203,"isList":false,"nodeRelateHash":211190013,"path":"/FrameLayout/LinearLayout/FrameLayout/LinearLayout/FrameLayout/ViewGroup/ScrollView/LinearLayout/LinearLayout","resourceID":"","total_view":5,"viewNodeIDRelative":0,"viewTag":"android.widget.LinearLayout","viewText":"","webContent":false,"width":1080,"x":0,"xpath":"/FrameLayout/LinearLayout/FrameLayout/LinearLayout/FrameLayout/ViewGroup/ScrollView/LinearLayout/LinearLayout","y":1094},{"children":[{"children":[{"children":[],"clickable":true,"contentDesc":"","depth":11,"height":147,"isList":false,"nodeRelateHash":-1405940258,"path":"/FrameLayout/LinearLayout/FrameLayout/LinearLayout/FrameLayout/ViewGroup/ScrollView/LinearLayout/LinearLayout/FrameLayout/EditText","resourceID":"com.flauschcode.broccoli:id/new_source","total_view":1,"viewNodeIDRelative":0,"viewTag":"android.widget.EditText","viewText":"","webContent":false,"width":996,"x":42,"xpath":"/FrameLayout/LinearLayout/FrameLayout/LinearLayout/FrameLayout/ViewGroup/ScrollView/LinearLayout/LinearLayout/FrameLayout/EditText","y":1311},{"children":[{"children":[],"clickable":true,"contentDesc":"","depth":12,"height":126,"isList":false,"nodeRelateHash":-1405821093,"path":"/FrameLayout/LinearLayout/FrameLayout/LinearLayout/FrameLayout/ViewGroup/ScrollView/LinearLayout/LinearLayout/FrameLayout/LinearLayout/ImageButton","resourceID":"com.flauschcode.broccoli:id/text_input_start_icon","total_view":1,"viewNodeIDRelative":0,"viewTag":"android.widget.ImageButton","viewText":"","webContent":false,"width":126,"x":42,"xpath":"/FrameLayout/LinearLayout/FrameLayout/LinearLayout/FrameLayout/ViewGroup/ScrollView/LinearLayout/LinearLayout/FrameLayout/LinearLayout/ImageButton","y":1321}],"clickable":true,"contentDesc":"","depth":11,"height":147,"isList":false,"nodeRelateHash":-925733903,"path":"/FrameLayout/LinearLayout/FrameLayout/LinearLayout/FrameLayout/ViewGroup/ScrollView/LinearLayout/LinearLayout/FrameLayout/LinearLayout","resourceID":"","total_view":2,"viewNodeIDRelative":0,"viewTag":"android.widget.LinearLayout","viewText":"","webContent":false,"width":137,"x":42,"xpath":"/FrameLayout/LinearLayout/FrameLayout/LinearLayout/FrameLayout/ViewGroup/ScrollView/LinearLayout/LinearLayout/FrameLayout/LinearLayout","y":1311}],"clickable":true,"contentDesc":"","depth":10,"height":147,"isList":false,"nodeRelateHash":2036018573,"path":"/FrameLayout/LinearLayout/FrameLayout/LinearLayout/FrameLayout/ViewGroup/ScrollView/LinearLayout/LinearLayout/FrameLayout","resourceID":"","total_view":4,"viewNodeIDRelative":0,"viewTag":"android.widget.FrameLayout","viewText":"","webContent":false,"width":996,"x":42,"xpath":"/FrameLayout/LinearLayout/FrameLayout/LinearLayout/FrameLayout/ViewGroup/ScrollView/LinearLayout/LinearLayout/FrameLayout","y":1311}],"clickable":true,"contentDesc":"","depth":9,"height":203,"isList":false,"nodeRelateHash":211190013,"path":"/FrameLayout/LinearLayout/FrameLayout/LinearLayout/FrameLayout/ViewGroup/ScrollView/LinearLayout/LinearLayout","resourceID":"","total_view":5,"viewNodeIDRelative":0,"viewTag":"android.widget.LinearLayout","viewText":"","webContent":false,"width":1080,"x":0,"xpath":"/FrameLayout/LinearLayout/FrameLayout/LinearLayout/FrameLayout/ViewGroup/ScrollView/LinearLayout/LinearLayout","y":1297},{"children":[{"children":[{"children":[],"clickable":true,"contentDesc":"","depth":11,"height":147,"isList":false,"nodeRelateHash":-1405940258,"path":"/FrameLayout/LinearLayout/FrameLayout/LinearLayout/FrameLayout/ViewGroup/ScrollView/LinearLayout/LinearLayout/FrameLayout/EditText","resourceID":"com.flauschcode.broccoli:id/new_servings","total_view":1,"viewNodeIDRelative":0,"viewTag":"android.widget.EditText","viewText":"","webContent":false,"width":996,"x":42,"xpath":"/FrameLayout/LinearLayout/FrameLayout/LinearLayout/FrameLayout/ViewGroup/ScrollView/LinearLayout/LinearLayout/FrameLayout/EditText","y":1514},{"children":[{"children":[],"clickable":true,"contentDesc":"","depth":12,"height":126,"isList":false,"nodeRelateHash":-1405821093,"path":"/FrameLayout/LinearLayout/FrameLayout/LinearLayout/FrameLayout/ViewGroup/ScrollView/LinearLayout/LinearLayout/FrameLayout/LinearLayout/ImageButton","resourceID":"com.flauschcode.broccoli:id/text_input_start_icon","total_view":1,"viewNodeIDRelative":0,"viewTag":"android.widget.ImageButton","viewText":"","webContent":false,"width":126,"x":42,"xpath":"/FrameLayout/LinearLayout/FrameLayout/LinearLayout/FrameLayout/ViewGroup/ScrollView/LinearLayout/LinearLayout/FrameLayout/LinearLayout/ImageButton","y":1524}],"clickable":true,"contentDesc":"","depth":11,"height":147,"isList":false,"nodeRelateHash":-925733903,"path":"/FrameLayout/LinearLayout/FrameLayout/LinearLayout/FrameLayout/ViewGroup/ScrollView/LinearLayout/LinearLayout/FrameLayout/LinearLayout","resourceID":"","total_view":2,"viewNodeIDRelative":0,"viewTag":"android.widget.LinearLayout","viewText":"","webContent":false,"width":137,"x":42,"xpath":"/FrameLayout/LinearLayout/FrameLayout/LinearLayout/FrameLayout/ViewGroup/ScrollView/LinearLayout/LinearLayout/FrameLayout/LinearLayout","y":1514}],"clickable":true,"contentDesc":"","depth":10,"height":147,"isList":false,"nodeRelateHash":2036018573,"path":"/FrameLayout/LinearLayout/FrameLayout/LinearLayout/FrameLayout/ViewGroup/ScrollView/LinearLayout/LinearLayout/FrameLayout","resourceID":"","total_view":4,"viewNodeIDRelative":0,"viewTag":"android.widget.FrameLayout","viewText":"","webContent":false,"width":996,"x":42,"xpath":"/FrameLayout/LinearLayout/FrameLayout/LinearLayout/FrameLayout/ViewGroup/ScrollView/LinearLayout/LinearLayout/FrameLayout","y":1514}],"clickable":true,"contentDesc":"","depth":9,"height":203,"isList":false,"nodeRelateHash":211190013,"path":"/FrameLayout/LinearLayout/FrameLayout/LinearLayout/FrameLayout/ViewGroup/ScrollView/LinearLayout/LinearLayout","resourceID":"","total_view":5,"viewNodeIDRelative":0,"viewTag":"android.widget.LinearLayout","viewText":"","webContent":false,"width":1080,"x":0,"xpath":"/FrameLayout/LinearLayout/FrameLayout/LinearLayout/FrameLayout/ViewGroup/ScrollView/LinearLayout/LinearLayout","y":1500},{"children":[{"children":[{"children":[],"clickable":true,"contentDesc":"","depth":11,"height":147,"isList":false,"nodeRelateHash":-1405940258,"path":"/FrameLayout/LinearLayout/FrameLayout/LinearLayout/FrameLayout/ViewGroup/ScrollView/LinearLayout/LinearLayout/FrameLayout/EditText","resourceID":"com.flauschcode.broccoli:id/new_preparation_time","total_view":1,"viewNodeIDRelative":0,"viewTag":"android.widget.EditText","viewText":"","webContent":false,"width":996,"x":42,"xpath":"/FrameLayout/LinearLayout/FrameLayout/LinearLayout/FrameLayout/ViewGroup/ScrollView/LinearLayout/LinearLayout/FrameLayout/EditText","y":1717},{"children":[{"children":[],"clickable":true,"contentDesc":"","depth":12,"height":126,"isList":false,"nodeRelateHash":-1405821093,"path":"/FrameLayout/LinearLayout/FrameLayout/LinearLayout/FrameLayout/ViewGroup/ScrollView/LinearLayout/LinearLayout/FrameLayout/LinearLayout/ImageButton","resourceID":"com.flauschcode.broccoli:id/text_input_start_icon","total_view":1,"viewNodeIDRelative":0,"viewTag":"android.widget.ImageButton","viewText":"","webContent":false,"width":126,"x":42,"xpath":"/FrameLayout/LinearLayout/FrameLayout/LinearLayout/FrameLayout/ViewGroup/ScrollView/LinearLayout/LinearLayout/FrameLayout/LinearLayout/ImageButton","y":1727}],"clickable":true,"contentDesc":"","depth":11,"height":147,"isList":false,"nodeRelateHash":-925733903,"path":"/FrameLayout/LinearLayout/FrameLayout/LinearLayout/FrameLayout/ViewGroup/ScrollView/LinearLayout/LinearLayout/FrameLayout/LinearLayout","resourceID":"","total_view":2,"viewNodeIDRelative":0,"viewTag":"android.widget.LinearLayout","viewText":"","webContent":false,"width":137,"x":42,"xpath":"/FrameLayout/LinearLayout/FrameLayout/LinearLayout/FrameLayout/ViewGroup/ScrollView/LinearLayout/LinearLayout/FrameLayout/LinearLayout","y":1717}],"clickable":true,"contentDesc":"","depth":10,"height":147,"isList":false,"nodeRelateHash":2036018573,"path":"/FrameLayout/LinearLayout/FrameLayout/LinearLayout/FrameLayout/ViewGroup/ScrollView/LinearLayout/LinearLayout/FrameLayout","resourceID":"","total_view":4,"viewNodeIDRelative":0,"viewTag":"android.widget.FrameLayout","viewText":"","webContent":false,"width":996,"x":42,"xpath":"/FrameLayout/LinearLayout/FrameLayout/LinearLayout/FrameLayout/ViewGroup/ScrollView/LinearLayout/LinearLayout/FrameLayout","y":1717}],"clickable":true,"contentDesc":"","depth":9,"height":203,"isList":false,"nodeRelateHash":211190013,"path":"/FrameLayout/LinearLayout/FrameLayout/LinearLayout/FrameLayout/ViewGroup/ScrollView/LinearLayout/LinearLayout","resourceID":"","total_view":5,"viewNodeIDRelative":0,"viewTag":"android.widget.LinearLayout","viewText":"","webContent":false,"width":1080,"x":0,"xpath":"/FrameLayout/LinearLayout/FrameLayout/LinearLayout/FrameLayout/ViewGroup/ScrollView/LinearLayout/LinearLayout","y":1703},{"children":[{"children":[],"clickable":true,"contentDesc":"Recipe photo","depth":10,"height":436,"isList":false,"nodeRelateHash":-1405821095,"path":"/FrameLayout/LinearLayout/FrameLayout/LinearLayout/FrameLayout/ViewGroup/ScrollView/LinearLayout/ViewGroup/ImageView","resourceID":"com.flauschcode.broccoli:id/new_image","total_view":1,"viewNodeIDRelative":0,"viewTag":"android.widget.ImageView","viewText":"","webContent":false,"width":996,"x":42,"xpath":"/FrameLayout/LinearLayout/FrameLayout/LinearLayout/FrameLayout/ViewGroup/ScrollView/LinearLayout/ViewGroup/ImageView","y":210},{"children":[{"children":[],"clickable":true,"contentDesc":"Change photo","depth":11,"height":63,"isList":false,"nodeRelateHash":-1405821094,"path":"/FrameLayout/LinearLayout/FrameLayout/LinearLayout/FrameLayout/ViewGroup/ScrollView/LinearLayout/ViewGroup/LinearLayout/ImageView","resourceID":"","total_view":1,"viewNodeIDRelative":0,"viewTag":"android.widget.ImageView","viewText":"","webContent":false,"width":63,"x":949,"xpath":"/FrameLayout/LinearLayout/FrameLayout/LinearLayout/FrameLayout/ViewGroup/ScrollView/LinearLayout/ViewGroup/LinearLayout/ImageView","y":557}],"clickable":true,"contentDesc":"","depth":10,"height":115,"isList":false,"nodeRelateHash":-1054816621,"path":"/FrameLayout/LinearLayout/FrameLayout/LinearLayout/FrameLayout/ViewGroup/ScrollView/LinearLayout/ViewGroup/LinearLayout","resourceID":"","total_view":2,"viewNodeIDRelative":0,"viewTag":"android.widget.LinearLayout","viewText":"","webContent":false,"width":115,"x":923,"xpath":"/FrameLayout/LinearLayout/FrameLayout/LinearLayout/FrameLayout/ViewGroup/ScrollView/LinearLayout/ViewGroup/LinearLayout","y":531}],"clickable":true,"contentDesc":"","depth":9,"height":436,"isList":false,"nodeRelateHash":2051043142,"path":"/FrameLayout/LinearLayout/FrameLayout/LinearLayout/FrameLayout/ViewGroup/ScrollView/LinearLayout/ViewGroup","resourceID":"","total_view":4,"viewNodeIDRelative":0,"viewTag":"android.view.ViewGroup","viewText":"","webContent":false,"width":996,"x":42,"xpath":"/FrameLayout/LinearLayout/FrameLayout/LinearLayout/FrameLayout/ViewGroup/ScrollView/LinearLayout/ViewGroup","y":210}],"clickable":true,"contentDesc":"","depth":8,"height":1710,"isList":false,"nodeRelateHash":-606750984,"path":"/FrameLayout/LinearLayout/FrameLayout/LinearLayout/FrameLayout/ViewGroup/ScrollView/LinearLayout","resourceID":"","total_view":39,"viewNodeIDRelative":0,"viewTag":"android.widget.LinearLayout","viewText":"","webContent":false,"width":1080,"x":0,"xpath":"/FrameLayout/LinearLayout/FrameLayout/LinearLayout/FrameLayout/ViewGroup/ScrollView/LinearLayout","y":210}],"clickable":true,"contentDesc":"","depth":7,"height":1710,"isList":false,"nodeRelateHash":-250552999,"path":"/FrameLayout/LinearLayout/FrameLayout/LinearLayout/FrameLayout/ViewGroup/ScrollView","resourceID":"","total_view":40,"viewNodeIDRelative":0,"viewTag":"android.widget.ScrollView","viewText":"","webContent":false,"width":1080,"x":0,"xpath":"/FrameLayout/LinearLayout/FrameLayout/LinearLayout/FrameLayout/ViewGroup/ScrollView","y":210}],"clickable":true,"contentDesc":"","depth":6,"height":1920,"isList":false,"nodeRelateHash":-770500957,"path":"/FrameLayout/LinearLayout/FrameLayout/LinearLayout/FrameLayout/ViewGroup","resourceID":"","total_view":46,"viewNodeIDRelative":0,"viewTag":"android.view.ViewGroup","viewText":"","webContent":false,"width":1080,"x":0,"xpath":"/FrameLayout/LinearLayout/FrameLayout/LinearLayout/FrameLayout/ViewGroup","y":0}],"clickable":true,"contentDesc":"","depth":5,"height":1920,"isList":false,"nodeRelateHash":-721993279,"path":"/FrameLayout/LinearLayout/FrameLayout/LinearLayout/FrameLayout","resourceID":"android:id/content","total_view":47,"viewNodeIDRelative":0,"viewTag":"android.widget.FrameLayout","viewText":"","webContent":false,"width":1080,"x":0,"xpath":"/FrameLayout/LinearLayout/FrameLayout/LinearLayout/FrameLayout","y":0}],"clickable":true,"contentDesc":"","depth":4,"height":1920,"isList":false,"nodeRelateHash":200837639,"path":"/FrameLayout/LinearLayout/FrameLayout/LinearLayout","resourceID":"com.flauschcode.broccoli:id/action_bar_root","total_view":48,"viewNodeIDRelative":0,"viewTag":"android.widget.LinearLayout","viewText":"","webContent":false,"width":1080,"x":0,"xpath":"/FrameLayout/LinearLayout/FrameLayout/LinearLayout","y":0}],"clickable":true,"contentDesc":"","depth":3,"height":1920,"isList":false,"nodeRelateHash":580038524,"path":"/FrameLayout/LinearLayout/FrameLayout","resourceID":"","total_view":49,"viewNodeIDRelative":0,"viewTag":"android.widget.FrameLayout","viewText":"","webContent":false,"width":1080,"x":0,"xpath":"/FrameLayout/LinearLayout/FrameLayout","y":0}],"clickable":true,"contentDesc":"","depth":2,"height":1920,"isList":false,"nodeRelateHash":1252228628,"path":"/FrameLayout/LinearLayout","resourceID":"","total_view":50,"viewNodeIDRelative":0,"viewTag":"android.widget.LinearLayout","viewText":"","webContent":false,"width":1080,"x":0,"xpath":"/FrameLayout/LinearLayout","y":0}],"clickable":true,"contentDesc":"","depth":1,"height":1920,"isList":false,"nodeRelateHash":37710198,"path":"/FrameLayout","resourceID":"","total_view":51,"viewNodeIDRelative":0,"viewTag":"android.widget.FrameLayout","viewText":"","webContent":false,"width":1080,"x":0,"xpath":"/FrameLayout","y":0}],"clickable":false,"depth":0,"height":0,"isList":false,"nodeRelateHash":1878410782,"path":"","total_view":51,"viewNodeIDRelative":0,"webContent":false,"width":0,"x":0,"xpath":"","y":0},"totalViewCount":51,"treeStructureHash":1878410782}