{"Deeplink":"","activityName":"CreateAndEditRecipeActivity","clickable_list":["/FrameLayout/LinearLayout/FrameLayout/FrameLayout/FrameLayout/LinearLayoutCompat/ScrollView/LinearLayout/Button","/FrameLayout/LinearLayout/FrameLayout/FrameLayout/FrameLayout/LinearLayoutCompat/FrameLayout/ScrollView/LinearLayout/View","/FrameLayout/LinearLayout/FrameLayout/FrameLayout/FrameLayout/LinearLayoutCompat/FrameLayout/ScrollView/LinearLayout/TextView"],"deeplink":"","hasWebview":false,"relativeCount":0,"root":{"children":[{"children":[{"children":[{"children":[{"children":[{"children":[{"children":[{"children":[{"children":[{"children":[],"clickable":true,"contentDesc":"","depth":9,"height":165,"isList":false,"nodeRelateHash":93191544,"path":"/FrameLayout/LinearLayout/FrameLayout/FrameLayout/FrameLayout/LinearLayoutCompat/ScrollView/LinearLayout/Button","resourceID":"android:id/button2","total_view":1,"viewNodeIDRelative":0,"viewTag":"android.widget.Button","viewText":"","webContent":false,"width":244,"x":474,"xpath":"/FrameLayout/LinearLayout/FrameLayout/FrameLayout/FrameLayout/LinearLayoutCompat/ScrollView/LinearLayout/Button","y":972},{"children":[],"clickable":true,"contentDesc":"","depth":9,"height":165,"isList":false,"nodeRelateHash":93191544,"path":"/FrameLayout/LinearLayout/FrameLayout/FrameLayout/FrameLayout/LinearLayoutCompat/ScrollView/LinearLayout/Button","resourceID":"android:id/button1","total_view":1,"viewNodeIDRelative":0,"viewTag":"android.widget.Button","viewText":"","webContent":false,"width":260,"x":718,"xpath":"/FrameLayout/LinearLayout/FrameLayout/FrameLayout/FrameLayout/LinearLayoutCompat/ScrollView/LinearLayout/Button","y":972}],"clickable":true,"contentDesc":"","depth":8,"height":187,"isList":false,"nodeRelateHash":-1999101081,"path":"/FrameLayout/LinearLayout/FrameLayout/FrameLayout/FrameLayout/LinearLayoutCompat/ScrollView/LinearLayout","resourceID":"","total_view":3,"viewNodeIDRelative":0,"viewTag":"android.widget.LinearLayout","viewText":"","webContent":false,"width":940,"x":70,"xpath":"/FrameLayout/LinearLayout/FrameLayout/FrameLayout/FrameLayout/LinearLayoutCompat/ScrollView/LinearLayout","y":961}],"clickable":true,"contentDesc":"","depth":7,"height":187,"isList":false,"nodeRelateHash":1016879493,"path":"/FrameLayout/LinearLayout/FrameLayout/FrameLayout/FrameLayout/LinearLayoutCompat/ScrollView","resourceID":"com.flauschcode.broccoli:id/buttonPanel","total_view":4,"viewNodeIDRelative":0,"viewTag":"android.widget.ScrollView","viewText":"","webContent":false,"width":940,"x":70,"xpath":"/FrameLayout/LinearLayout/FrameLayout/FrameLayout/FrameLayout/LinearLayoutCompat/ScrollView","y":961},{"children":[{"children":[{"children":[{"children":[],"clickable":true,"contentDesc":"","depth":10,"height":47,"isList":false,"nodeRelateHash":-1406357333,"path":"/FrameLayout/LinearLayout/FrameLayout/FrameLayout/FrameLayout/LinearLayoutCompat/FrameLayout/ScrollView/LinearLayout/View","resourceID":"com.flauschcode.broccoli:id/textSpacerNoTitle","total_view":1,"viewNodeIDRelative":0,"viewTag":"android.view.View","viewText":"","webContent":false,"width":940,"x":70,"xpath":"/FrameLayout/LinearLayout/FrameLayout/FrameLayout/FrameLayout/LinearLayoutCompat/FrameLayout/ScrollView/LinearLayout/View","y":835},{"children":[],"clickable":true,"contentDesc":"","depth":10,"height":57,"isList":false,"nodeRelateHash":-1405493394,"path":"/FrameLayout/LinearLayout/FrameLayout/FrameLayout/FrameLayout/LinearLayoutCompat/FrameLayout/ScrollView/LinearLayout/TextView","resourceID":"android:id/message","total_view":1,"viewNodeIDRelative":0,"viewTag":"android.widget.TextView","viewText":"Discard changes?","webContent":false,"width":940,"x":70,"xpath":"/FrameLayout/LinearLayout/FrameLayout/FrameLayout/FrameLayout/LinearLayoutCompat/FrameLayout/ScrollView/LinearLayout/TextView","y":882}],"clickable":true,"contentDesc":"","depth":9,"height":104,"isList":false,"nodeRelateHash":-1163700317,"path":"/FrameLayout/LinearLayout/FrameLayout/FrameLayout/FrameLayout/LinearLayoutCompat/FrameLayout/ScrollView/LinearLayout","resourceID":"","total_view":3,"viewNodeIDRelative":0,"viewTag":"android.widget.LinearLayout","viewText":"","webContent":false,"width":940,"x":70,"xpath":"/FrameLayout/LinearLayout/FrameLayout/FrameLayout/FrameLayout/LinearLayoutCompat/FrameLayout/ScrollView/LinearLayout","y":835}],"clickable":true,"contentDesc":"","depth":8,"height":104,"isList":false,"nodeRelateHash":928925316,"path":"/FrameLayout/LinearLayout/FrameLayout/FrameLayout/FrameLayout/LinearLayoutCompat/FrameLayout/ScrollView","resourceID":"com.flauschcode.broccoli:id/scrollView","total_view":4,"viewNodeIDRelative":0,"viewTag":"android.widget.ScrollView","viewText":"","webContent":false,"width":940,"x":70,"xpath":"/FrameLayout/LinearLayout/FrameLayout/FrameLayout/FrameLayout/LinearLayoutCompat/FrameLayout/ScrollView","y":835}],"clickable":true,"contentDesc":"","depth":7,"height":126,"isList":false,"nodeRelateHash":2050063777,"path":"/FrameLayout/LinearLayout/FrameLayout/FrameLayout/FrameLayout/LinearLayoutCompat/FrameLayout","resourceID":"com.flauschcode.broccoli:id/contentPanel","total_view":5,"viewNodeIDRelative":0,"viewTag":"android.widget.FrameLayout","viewText":"","webContent":false,"width":940,"x":70,"xpath":"/FrameLayout/LinearLayout/FrameLayout/FrameLayout/FrameLayout/LinearLayoutCompat/FrameLayout","y":835}],"clickable":true,"contentDesc":"","depth":6,"height":313,"isList":false,"nodeRelateHash":-727413607,"path":"/FrameLayout/LinearLayout/FrameLayout/FrameLayout/FrameLayout/LinearLayoutCompat","resourceID":"com.flauschcode.broccoli:id/parentPanel","total_view":10,"viewNodeIDRelative":0,"viewTag":"androidx.appcompat.widget.LinearLayoutCompat","viewText":"","webContent":false,"width":940,"x":70,"xpath":"/FrameLayout/LinearLayout/FrameLayout/FrameLayout/FrameLayout/LinearLayoutCompat","y":835}],"clickable":true,"contentDesc":"","depth":5,"height":313,"isList":false,"nodeRelateHash":1043828814,"path":"/FrameLayout/LinearLayout/FrameLayout/FrameLayout/FrameLayout","resourceID":"android:id/content","total_view":11,"viewNodeIDRelative":0,"viewTag":"android.widget.FrameLayout","viewText":"","webContent":false,"width":940,"x":70,"xpath":"/FrameLayout/LinearLayout/FrameLayout/FrameLayout/FrameLayout","y":835}],"clickable":true,"contentDesc":"","depth":4,"height":313,"isList":false,"nodeRelateHash":1873202482,"path":"/FrameLayout/LinearLayout/FrameLayout/FrameLayout","resourceID":"com.flauschcode.broccoli:id/action_bar_root","total_view":12,"viewNodeIDRelative":0,"viewTag":"android.widget.FrameLayout","viewText":"","webContent":false,"width":940,"x":70,"xpath":"/FrameLayout/LinearLayout/FrameLayout/FrameLayout","y":835}],"clickable":true,"contentDesc":"","depth":3,"height":313,"isList":false,"nodeRelateHash":-1439887885,"path":"/FrameLayout/LinearLayout/FrameLayout","resourceID":"","total_view":13,"viewNodeIDRelative":0,"viewTag":"android.widget.FrameLayout","viewText":"","webContent":false,"width":940,"x":70,"xpath":"/FrameLayout/LinearLayout/FrameLayout","y":835}],"clickable":true,"contentDesc":"","depth":2,"height":313,"isList":false,"nodeRelateHash":-1596202055,"path":"/FrameLayout/LinearLayout","resourceID":"","total_view":14,"viewNodeIDRelative":0,"viewTag":"android.widget.LinearLayout","viewText":"","webContent":false,"width":940,"x":70,"xpath":"/FrameLayout/LinearLayout","y":835}],"clickable":true,"contentDesc":"","depth":1,"height":397,"isList":false,"nodeRelateHash":-1474290922,"path":"/FrameLayout","resourceID":"","total_view":15,"viewNodeIDRelative":0,"viewTag":"android.widget.FrameLayout","viewText":"","webContent":false,"width":1024,"x":28,"xpath":"/FrameLayout","y":793}],"clickable":false,"depth":0,"height":0,"isList":false,"nodeRelateHash":1960412413,"path":"","total_view":15,"viewNodeIDRelative":0,"webContent":false,"width":0,"x":0,"xpath":"","y":0},"totalViewCount":15,"treeStructureHash":1960412413}