{"Deeplink":"","activityName":"CreateAndEditRecipeActivity","clickable_list":["/FrameLayout/View","/FrameLayout/LinearLayout/FrameLayout/LinearLayout/FrameLayout/ViewGroup/LinearLayout/ViewGroup/Button","/FrameLayout/LinearLayout/FrameLayout/LinearLayout/FrameLayout/ViewGroup/LinearLayout/ViewGroup/ImageButton","/FrameLayout/LinearLayout/FrameLayout/LinearLayout/FrameLayout/ViewGroup/LinearLayout/ViewGroup/TextView","/FrameLayout/LinearLayout/FrameLayout/LinearLayout/FrameLayout/ViewGroup/ScrollView/LinearLayout/ViewGroup/ImageView","/FrameLayout/LinearLayout/FrameLayout/LinearLayout/FrameLayout/ViewGroup/ScrollView/LinearLayout/LinearLayout/FrameLayout/EditText","/FrameLayout/LinearLayout/FrameLayout/LinearLayout/FrameLayout/ViewGroup/ScrollView/LinearLayout/ViewGroup/LinearLayout/ImageView","/FrameLayout/LinearLayout/FrameLayout/LinearLayout/FrameLayout/ViewGroup/ScrollView/LinearLayout/LinearLayout/FrameLayout/LinearLayout/ImageButton","/FrameLayout/LinearLayout/FrameLayout/LinearLayout/FrameLayout/ViewGroup/ScrollView/LinearLayout/LinearLayout/FrameLayout/LinearLayout/FrameLayout/ImageButton"],"deeplink":"","hasWebview":false,"relativeCount":0,"root":{"children":[{"children":[{"children":[],"clickable":true,"contentDesc":"","depth":2,"height":105,"isList":false,"nodeRelateHash":93180966,"path":"/FrameLayout/View","resourceID":"android:id/insertion_handle","total_view":1,"viewNodeIDRelative":0,"viewTag":"android.view.View","viewText":"","webContent":false,"width":105,"x":129,"xpath":"/FrameLayout/View","y":1492}],"clickable":true,"contentDesc":"","depth":1,"height":105,"isList":false,"nodeRelateHash":-40997570,"path":"/FrameLayout","resourceID":"","total_view":2,"viewNodeIDRelative":0,"viewTag":"android.widget.FrameLayout","viewText":"","webContent":false,"width":105,"x":129,"xpath":"/FrameLayout","y":1492},{"children":[{"children":[{"children":[{"children":[{"children":[{"children":[{"children":[{"children":[{"children":[],"clickable":true,"contentDesc":"","depth":9,"height":126,"isList":false,"nodeRelateHash":93191544,"path":"/FrameLayout/LinearLayout/FrameLayout/LinearLayout/FrameLayout/ViewGroup/LinearLayout/ViewGroup/Button","resourceID":"com.flauschcode.broccoli:id/button_save_recipe","total_view":1,"viewNodeIDRelative":0,"viewTag":"android.widget.Button","viewText":"","webContent":false,"width":231,"x":838,"xpath":"/FrameLayout/LinearLayout/FrameLayout/LinearLayout/FrameLayout/ViewGroup/LinearLayout/ViewGroup/Button","y":73},{"children":[],"clickable":true,"contentDesc":"Navigate up","depth":9,"height":147,"isList":false,"nodeRelateHash":93198271,"path":"/FrameLayout/LinearLayout/FrameLayout/LinearLayout/FrameLayout/ViewGroup/LinearLayout/ViewGroup/ImageButton","resourceID":"","total_view":1,"viewNodeIDRelative":0,"viewTag":"android.widget.ImageButton","viewText":"","webContent":false,"width":147,"x":0,"xpath":"/FrameLayout/LinearLayout/FrameLayout/LinearLayout/FrameLayout/ViewGroup/LinearLayout/ViewGroup/ImageButton","y":63},{"children":[],"clickable":true,"contentDesc":"","depth":9,"height":71,"isList":false,"nodeRelateHash":93208842,"path":"/FrameLayout/LinearLayout/FrameLayout/LinearLayout/FrameLayout/ViewGroup/LinearLayout/ViewGroup/TextView","resourceID":"","total_view":1,"viewNodeIDRelative":0,"viewTag":"android.widget.TextView","viewText":"New Recipe","webContent":false,"width":286,"x":189,"xpath":"/FrameLayout/LinearLayout/FrameLayout/LinearLayout/FrameLayout/ViewGroup/LinearLayout/ViewGroup/TextView","y":101}],"clickable":true,"contentDesc":"","depth":8,"height":147,"isList":false,"nodeRelateHash":-315742978,"path":"/FrameLayout/LinearLayout/FrameLayout/LinearLayout/FrameLayout/ViewGroup/LinearLayout/ViewGroup","resourceID":"com.flauschcode.broccoli:id/toolbar","total_view":4,"viewNodeIDRelative":0,"viewTag":"android.view.ViewGroup","viewText":"","webContent":false,"width":1080,"x":0,"xpath":"/FrameLayout/LinearLayout/FrameLayout/LinearLayout/FrameLayout/ViewGroup/LinearLayout/ViewGroup","y":63}],"clickable":true,"contentDesc":"","depth":7,"height":147,"isList":false,"nodeRelateHash":-509860465,"path":"/FrameLayout/LinearLayout/FrameLayout/LinearLayout/FrameLayout/ViewGroup/LinearLayout","resourceID":"","total_view":5,"viewNodeIDRelative":0,"viewTag":"android.widget.LinearLayout","viewText":"","webContent":false,"width":1080,"x":0,"xpath":"/FrameLayout/LinearLayout/FrameLayout/LinearLayout/FrameLayout/ViewGroup/LinearLayout","y":63},{"children":[{"children":[{"children":[{"children":[{"children":[],"clickable":true,"contentDesc":"","depth":11,"height":147,"isList":false,"nodeRelateHash":-1405940258,"path":"/FrameLayout/LinearLayout/FrameLayout/LinearLayout/FrameLayout/ViewGroup/ScrollView/LinearLayout/LinearLayout/FrameLayout/EditText","resourceID":"com.flauschcode.broccoli:id/new_categories","total_view":1,"viewNodeIDRelative":0,"viewTag":"android.widget.EditText","viewText":"","webContent":false,"width":996,"x":42,"xpath":"/FrameLayout/LinearLayout/FrameLayout/LinearLayout/FrameLayout/ViewGroup/ScrollView/LinearLayout/LinearLayout/FrameLayout/EditText","y":984},{"children":[{"children":[],"clickable":true,"contentDesc":"","depth":12,"height":126,"isList":false,"nodeRelateHash":-1405821093,"path":"/FrameLayout/LinearLayout/FrameLayout/LinearLayout/FrameLayout/ViewGroup/ScrollView/LinearLayout/LinearLayout/FrameLayout/LinearLayout/ImageButton","resourceID":"com.flauschcode.broccoli:id/text_input_start_icon","total_view":1,"viewNodeIDRelative":0,"viewTag":"android.widget.ImageButton","viewText":"","webContent":false,"width":126,"x":42,"xpath":"/FrameLayout/LinearLayout/FrameLayout/LinearLayout/FrameLayout/ViewGroup/ScrollView/LinearLayout/LinearLayout/FrameLayout/LinearLayout/ImageButton","y":994}],"clickable":true,"contentDesc":"","depth":11,"height":147,"isList":false,"nodeRelateHash":-925733903,"path":"/FrameLayout/LinearLayout/FrameLayout/LinearLayout/FrameLayout/ViewGroup/ScrollView/LinearLayout/LinearLayout/FrameLayout/LinearLayout","resourceID":"","total_view":2,"viewNodeIDRelative":0,"viewTag":"android.widget.LinearLayout","viewText":"","webContent":false,"width":137,"x":42,"xpath":"/FrameLayout/LinearLayout/FrameLayout/LinearLayout/FrameLayout/ViewGroup/ScrollView/LinearLayout/LinearLayout/FrameLayout/LinearLayout","y":984},{"children":[{"children":[{"children":[],"clickable":true,"contentDesc":"","depth":13,"height":126,"isList":false,"nodeRelateHash":-1405821092,"path":"/FrameLayout/LinearLayout/FrameLayout/LinearLayout/FrameLayout/ViewGroup/ScrollView/LinearLayout/LinearLayout/FrameLayout/LinearLayout/FrameLayout/ImageButton","resourceID":"com.flauschcode.broccoli:id/text_input_end_icon","total_view":1,"viewNodeIDRelative":0,"viewTag":"android.widget.ImageButton","viewText":"","webContent":false,"width":126,"x":912,"xpath":"/FrameLayout/LinearLayout/FrameLayout/LinearLayout/FrameLayout/ViewGroup/ScrollView/LinearLayout/LinearLayout/FrameLayout/LinearLayout/FrameLayout/ImageButton","y":994}],"clickable":true,"contentDesc":"","depth":12,"height":147,"isList":false,"nodeRelateHash":-1252027447,"path":"/FrameLayout/LinearLayout/FrameLayout/LinearLayout/FrameLayout/ViewGroup/ScrollView/LinearLayout/LinearLayout/FrameLayout/LinearLayout/FrameLayout","resourceID":"","total_view":2,"viewNodeIDRelative":0,"viewTag":"android.widget.FrameLayout","viewText":"","webContent":false,"width":137,"x":901,"xpath":"/FrameLayout/LinearLayout/FrameLayout/LinearLayout/FrameLayout/ViewGroup/ScrollView/LinearLayout/LinearLayout/FrameLayout/LinearLayout/FrameLayout","y":984}],"clickable":true,"contentDesc":"","depth":11,"height":147,"isList":false,"nodeRelateHash":-78069706,"path":"/FrameLayout/LinearLayout/FrameLayout/LinearLayout/FrameLayout/ViewGroup/ScrollView/LinearLayout/LinearLayout/FrameLayout/LinearLayout","resourceID":"","total_view":3,"viewNodeIDRelative":0,"viewTag":"android.widget.LinearLayout","viewText":"","webContent":false,"width":137,"x":901,"xpath":"/FrameLayout/LinearLayout/FrameLayout/LinearLayout/FrameLayout/ViewGroup/ScrollView/LinearLayout/LinearLayout/FrameLayout/LinearLayout","y":984}],"clickable":true,"contentDesc":"","depth":10,"height":147,"isList":false,"nodeRelateHash":-1692651765,"path":"/FrameLayout/LinearLayout/FrameLayout/LinearLayout/FrameLayout/ViewGroup/ScrollView/LinearLayout/LinearLayout/FrameLayout","resourceID":"","total_view":7,"viewNodeIDRelative":0,"viewTag":"android.widget.FrameLayout","viewText":"","webContent":false,"width":996,"x":42,"xpath":"/FrameLayout/LinearLayout/FrameLayout/LinearLayout/FrameLayout/ViewGroup/ScrollView/LinearLayout/LinearLayout/FrameLayout","y":984}],"clickable":true,"contentDesc":"","depth":9,"height":203,"isList":false,"nodeRelateHash":-123404339,"path":"/FrameLayout/LinearLayout/FrameLayout/LinearLayout/FrameLayout/ViewGroup/ScrollView/LinearLayout/LinearLayout","resourceID":"","total_view":8,"viewNodeIDRelative":0,"viewTag":"android.widget.LinearLayout","viewText":"","webContent":false,"width":1080,"x":0,"xpath":"/FrameLayout/LinearLayout/FrameLayout/LinearLayout/FrameLayout/ViewGroup/ScrollView/LinearLayout/LinearLayout","y":970},{"children":[{"children":[{"children":[],"clickable":true,"contentDesc":"","depth":11,"height":147,"isList":false,"nodeRelateHash":-1405940258,"path":"/FrameLayout/LinearLayout/FrameLayout/LinearLayout/FrameLayout/ViewGroup/ScrollView/LinearLayout/LinearLayout/FrameLayout/EditText","resourceID":"com.flauschcode.broccoli:id/new_title","total_view":1,"viewNodeIDRelative":0,"viewTag":"android.widget.EditText","viewText":"","webContent":false,"width":996,"x":42,"xpath":"/FrameLayout/LinearLayout/FrameLayout/LinearLayout/FrameLayout/ViewGroup/ScrollView/LinearLayout/LinearLayout/FrameLayout/EditText","y":781},{"children":[{"children":[],"clickable":true,"contentDesc":"","depth":12,"height":126,"isList":false,"nodeRelateHash":-1405821093,"path":"/FrameLayout/LinearLayout/FrameLayout/LinearLayout/FrameLayout/ViewGroup/ScrollView/LinearLayout/LinearLayout/FrameLayout/LinearLayout/ImageButton","resourceID":"com.flauschcode.broccoli:id/text_input_start_icon","total_view":1,"viewNodeIDRelative":0,"viewTag":"android.widget.ImageButton","viewText":"","webContent":false,"width":126,"x":42,"xpath":"/FrameLayout/LinearLayout/FrameLayout/LinearLayout/FrameLayout/ViewGroup/ScrollView/LinearLayout/LinearLayout/FrameLayout/LinearLayout/ImageButton","y":791}],"clickable":true,"contentDesc":"","depth":11,"height":147,"isList":false,"nodeRelateHash":-925733903,"path":"/FrameLayout/LinearLayout/FrameLayout/LinearLayout/FrameLayout/ViewGroup/ScrollView/LinearLayout/LinearLayout/FrameLayout/LinearLayout","resourceID":"","total_view":2,"viewNodeIDRelative":0,"viewTag":"android.widget.LinearLayout","viewText":"","webContent":false,"width":137,"x":42,"xpath":"/FrameLayout/LinearLayout/FrameLayout/LinearLayout/FrameLayout/ViewGroup/ScrollView/LinearLayout/LinearLayout/FrameLayout/LinearLayout","y":781}],"clickable":true,"contentDesc":"","depth":10,"height":147,"isList":false,"nodeRelateHash":2036018573,"path":"/FrameLayout/LinearLayout/FrameLayout/LinearLayout/FrameLayout/ViewGroup/ScrollView/LinearLayout/LinearLayout/FrameLayout","resourceID":"","total_view":4,"viewNodeIDRelative":0,"viewTag":"android.widget.FrameLayout","viewText":"","webContent":false,"width":996,"x":42,"xpath":"/FrameLayout/LinearLayout/FrameLayout/LinearLayout/FrameLayout/ViewGroup/ScrollView/LinearLayout/LinearLayout/FrameLayout","y":781}],"clickable":true,"contentDesc":"","depth":9,"height":203,"isList":false,"nodeRelateHash":211190013,"path":"/FrameLayout/LinearLayout/FrameLayout/LinearLayout/FrameLayout/ViewGroup/ScrollView/LinearLayout/LinearLayout","resourceID":"","total_view":5,"viewNodeIDRelative":0,"viewTag":"android.widget.LinearLayout","viewText":"","webContent":false,"width":1080,"x":0,"xpath":"/FrameLayout/LinearLayout/FrameLayout/LinearLayout/FrameLayout/ViewGroup/ScrollView/LinearLayout/LinearLayout","y":767},{"children":[{"children":[{"children":[],"clickable":true,"contentDesc":"","depth":11,"height":147,"isList":false,"nodeRelateHash":-1405940258,"path":"/FrameLayout/LinearLayout/FrameLayout/LinearLayout/FrameLayout/ViewGroup/ScrollView/LinearLayout/LinearLayout/FrameLayout/EditText","resourceID":"com.flauschcode.broccoli:id/new_description","total_view":1,"viewNodeIDRelative":0,"viewTag":"android.widget.EditText","viewText":"","webContent":false,"width":996,"x":42,"xpath":"/FrameLayout/LinearLayout/FrameLayout/LinearLayout/FrameLayout/ViewGroup/ScrollView/LinearLayout/LinearLayout/FrameLayout/EditText","y":1187},{"children":[{"children":[],"clickable":true,"contentDesc":"","depth":12,"height":126,"isList":false,"nodeRelateHash":-1405821093,"path":"/FrameLayout/LinearLayout/FrameLayout/LinearLayout/FrameLayout/ViewGroup/ScrollView/LinearLayout/LinearLayout/FrameLayout/LinearLayout/ImageButton","resourceID":"com.flauschcode.broccoli:id/text_input_start_icon","total_view":1,"viewNodeIDRelative":0,"viewTag":"android.widget.ImageButton","viewText":"","webContent":false,"width":126,"x":42,"xpath":"/FrameLayout/LinearLayout/FrameLayout/LinearLayout/FrameLayout/ViewGroup/ScrollView/LinearLayout/LinearLayout/FrameLayout/LinearLayout/ImageButton","y":1197}],"clickable":true,"contentDesc":"","depth":11,"height":147,"isList":false,"nodeRelateHash":-925733903,"path":"/FrameLayout/LinearLayout/FrameLayout/LinearLayout/FrameLayout/ViewGroup/ScrollView/LinearLayout/LinearLayout/FrameLayout/LinearLayout","resourceID":"","total_view":2,"viewNodeIDRelative":0,"viewTag":"android.widget.LinearLayout","viewText":"","webContent":false,"width":137,"x":42,"xpath":"/FrameLayout/LinearLayout/FrameLayout/LinearLayout/FrameLayout/ViewGroup/ScrollView/LinearLayout/LinearLayout/FrameLayout/LinearLayout","y":1187}],"clickable":true,"contentDesc":"","depth":10,"height":147,"isList":false,"nodeRelateHash":2036018573,"path":"/FrameLayout/LinearLayout/FrameLayout/LinearLayout/FrameLayout/ViewGroup/ScrollView/LinearLayout/LinearLayout/FrameLayout","resourceID":"","total_view":4,"viewNodeIDRelative":0,"viewTag":"android.widget.FrameLayout","viewText":"","webContent":false,"width":996,"x":42,"xpath":"/FrameLayout/LinearLayout/FrameLayout/LinearLayout/FrameLayout/ViewGroup/ScrollView/LinearLayout/LinearLayout/FrameLayout","y":1187}],"clickable":true,"contentDesc":"","depth":9,"height":203,"isList":false,"nodeRelateHash":211190013,"path":"/FrameLayout/LinearLayout/FrameLayout/LinearLayout/FrameLayout/ViewGroup/ScrollView/LinearLayout/LinearLayout","resourceID":"","total_view":5,"viewNodeIDRelative":0,"viewTag":"android.widget.LinearLayout","viewText":"","webContent":false,"width":1080,"x":0,"xpath":"/FrameLayout/LinearLayout/FrameLayout/LinearLayout/FrameLayout/ViewGroup/ScrollView/LinearLayout/LinearLayout","y":1173},{"children":[{"children":[{"children":[],"clickable":true,"contentDesc":"","depth":11,"height":147,"isList":false,"nodeRelateHash":-1405940258,"path":"/FrameLayout/LinearLayout/FrameLayout/LinearLayout/FrameLayout/ViewGroup/ScrollView/LinearLayout/LinearLayout/FrameLayout/EditText","resourceID":"com.flauschcode.broccoli:id/new_source","total_view":1,"viewNodeIDRelative":0,"viewTag":"android.widget.EditText","viewText":"","webContent":false,"width":996,"x":42,"xpath":"/FrameLayout/LinearLayout/FrameLayout/LinearLayout/FrameLayout/ViewGroup/ScrollView/LinearLayout/LinearLayout/FrameLayout/EditText","y":1390},{"children":[{"children":[],"clickable":true,"contentDesc":"","depth":12,"height":126,"isList":false,"nodeRelateHash":-1405821093,"path":"/FrameLayout/LinearLayout/FrameLayout/LinearLayout/FrameLayout/ViewGroup/ScrollView/LinearLayout/LinearLayout/FrameLayout/LinearLayout/ImageButton","resourceID":"com.flauschcode.broccoli:id/text_input_start_icon","total_view":1,"viewNodeIDRelative":0,"viewTag":"android.widget.ImageButton","viewText":"","webContent":false,"width":126,"x":42,"xpath":"/FrameLayout/LinearLayout/FrameLayout/LinearLayout/FrameLayout/ViewGroup/ScrollView/LinearLayout/LinearLayout/FrameLayout/LinearLayout/ImageButton","y":1400}],"clickable":true,"contentDesc":"","depth":11,"height":147,"isList":false,"nodeRelateHash":-925733903,"path":"/FrameLayout/LinearLayout/FrameLayout/LinearLayout/FrameLayout/ViewGroup/ScrollView/LinearLayout/LinearLayout/FrameLayout/LinearLayout","resourceID":"","total_view":2,"viewNodeIDRelative":0,"viewTag":"android.widget.LinearLayout","viewText":"","webContent":false,"width":137,"x":42,"xpath":"/FrameLayout/LinearLayout/FrameLayout/LinearLayout/FrameLayout/ViewGroup/ScrollView/LinearLayout/LinearLayout/FrameLayout/LinearLayout","y":1390}],"clickable":true,"contentDesc":"","depth":10,"height":147,"isList":false,"nodeRelateHash":2036018573,"path":"/FrameLayout/LinearLayout/FrameLayout/LinearLayout/FrameLayout/ViewGroup/ScrollView/LinearLayout/LinearLayout/FrameLayout","resourceID":"","total_view":4,"viewNodeIDRelative":0,"viewTag":"android.widget.FrameLayout","viewText":"","webContent":false,"width":996,"x":42,"xpath":"/FrameLayout/LinearLayout/FrameLayout/LinearLayout/FrameLayout/ViewGroup/ScrollView/LinearLayout/LinearLayout/FrameLayout","y":1390}],"clickable":true,"contentDesc":"","depth":9,"height":203,"isList":false,"nodeRelateHash":211190013,"path":"/FrameLayout/LinearLayout/FrameLayout/LinearLayout/FrameLayout/ViewGroup/ScrollView/LinearLayout/LinearLayout","resourceID":"","total_view":5,"viewNodeIDRelative":0,"viewTag":"android.widget.LinearLayout","viewText":"","webContent":false,"width":1080,"x":0,"xpath":"/FrameLayout/LinearLayout/FrameLayout/LinearLayout/FrameLayout/ViewGroup/ScrollView/LinearLayout/LinearLayout","y":1376},{"children":[{"children":[{"children":[],"clickable":true,"contentDesc":"","depth":11,"height":147,"isList":false,"nodeRelateHash":-1405940258,"path":"/FrameLayout/LinearLayout/FrameLayout/LinearLayout/FrameLayout/ViewGroup/ScrollView/LinearLayout/LinearLayout/FrameLayout/EditText","resourceID":"com.flauschcode.broccoli:id/new_servings","total_view":1,"viewNodeIDRelative":0,"viewTag":"android.widget.EditText","viewText":"","webContent":false,"width":996,"x":42,"xpath":"/FrameLayout/LinearLayout/FrameLayout/LinearLayout/FrameLayout/ViewGroup/ScrollView/LinearLayout/LinearLayout/FrameLayout/EditText","y":1593},{"children":[{"children":[],"clickable":true,"contentDesc":"","depth":12,"height":126,"isList":false,"nodeRelateHash":-1405821093,"path":"/FrameLayout/LinearLayout/FrameLayout/LinearLayout/FrameLayout/ViewGroup/ScrollView/LinearLayout/LinearLayout/FrameLayout/LinearLayout/ImageButton","resourceID":"com.flauschcode.broccoli:id/text_input_start_icon","total_view":1,"viewNodeIDRelative":0,"viewTag":"android.widget.ImageButton","viewText":"","webContent":false,"width":126,"x":42,"xpath":"/FrameLayout/LinearLayout/FrameLayout/LinearLayout/FrameLayout/ViewGroup/ScrollView/LinearLayout/LinearLayout/FrameLayout/LinearLayout/ImageButton","y":1603}],"clickable":true,"contentDesc":"","depth":11,"height":147,"isList":false,"nodeRelateHash":-925733903,"path":"/FrameLayout/LinearLayout/FrameLayout/LinearLayout/FrameLayout/ViewGroup/ScrollView/LinearLayout/LinearLayout/FrameLayout/LinearLayout","resourceID":"","total_view":2,"viewNodeIDRelative":0,"viewTag":"android.widget.LinearLayout","viewText":"","webContent":false,"width":137,"x":42,"xpath":"/FrameLayout/LinearLayout/FrameLayout/LinearLayout/FrameLayout/ViewGroup/ScrollView/LinearLayout/LinearLayout/FrameLayout/LinearLayout","y":1593}],"clickable":true,"contentDesc":"","depth":10,"height":147,"isList":false,"nodeRelateHash":2036018573,"path":"/FrameLayout/LinearLayout/FrameLayout/LinearLayout/FrameLayout/ViewGroup/ScrollView/LinearLayout/LinearLayout/FrameLayout","resourceID":"","total_view":4,"viewNodeIDRelative":0,"viewTag":"android.widget.FrameLayout","viewText":"","webContent":false,"width":996,"x":42,"xpath":"/FrameLayout/LinearLayout/FrameLayout/LinearLayout/FrameLayout/ViewGroup/ScrollView/LinearLayout/LinearLayout/FrameLayout","y":1593}],"clickable":true,"contentDesc":"","depth":9,"height":203,"isList":false,"nodeRelateHash":211190013,"path":"/FrameLayout/LinearLayout/FrameLayout/LinearLayout/FrameLayout/ViewGroup/ScrollView/LinearLayout/LinearLayout","resourceID":"","total_view":5,"viewNodeIDRelative":0,"viewTag":"android.widget.LinearLayout","viewText":"","webContent":false,"width":1080,"x":0,"xpath":"/FrameLayout/LinearLayout/FrameLayout/LinearLayout/FrameLayout/ViewGroup/ScrollView/LinearLayout/LinearLayout","y":1579},{"children":[{"children":[{"children":[],"clickable":true,"contentDesc":"","depth":11,"height":124,"isList":false,"nodeRelateHash":-1405940258,"path":"/FrameLayout/LinearLayout/FrameLayout/LinearLayout/FrameLayout/ViewGroup/ScrollView/LinearLayout/LinearLayout/FrameLayout/EditText","resourceID":"com.flauschcode.broccoli:id/new_preparation_time","total_view":1,"viewNodeIDRelative":0,"viewTag":"android.widget.EditText","viewText":"","webContent":false,"width":996,"x":42,"xpath":"/FrameLayout/LinearLayout/FrameLayout/LinearLayout/FrameLayout/ViewGroup/ScrollView/LinearLayout/LinearLayout/FrameLayout/EditText","y":1796},{"children":[{"children":[],"clickable":true,"contentDesc":"","depth":12,"height":114,"isList":false,"nodeRelateHash":-1405821093,"path":"/FrameLayout/LinearLayout/FrameLayout/LinearLayout/FrameLayout/ViewGroup/ScrollView/LinearLayout/LinearLayout/FrameLayout/LinearLayout/ImageButton","resourceID":"com.flauschcode.broccoli:id/text_input_start_icon","total_view":1,"viewNodeIDRelative":0,"viewTag":"android.widget.ImageButton","viewText":"","webContent":false,"width":126,"x":42,"xpath":"/FrameLayout/LinearLayout/FrameLayout/LinearLayout/FrameLayout/ViewGroup/ScrollView/LinearLayout/LinearLayout/FrameLayout/LinearLayout/ImageButton","y":1806}],"clickable":true,"contentDesc":"","depth":11,"height":124,"isList":false,"nodeRelateHash":-925733903,"path":"/FrameLayout/LinearLayout/FrameLayout/LinearLayout/FrameLayout/ViewGroup/ScrollView/LinearLayout/LinearLayout/FrameLayout/LinearLayout","resourceID":"","total_view":2,"viewNodeIDRelative":0,"viewTag":"android.widget.LinearLayout","viewText":"","webContent":false,"width":137,"x":42,"xpath":"/FrameLayout/LinearLayout/FrameLayout/LinearLayout/FrameLayout/ViewGroup/ScrollView/LinearLayout/LinearLayout/FrameLayout/LinearLayout","y":1796}],"clickable":true,"contentDesc":"","depth":10,"height":124,"isList":false,"nodeRelateHash":2036018573,"path":"/FrameLayout/LinearLayout/FrameLayout/LinearLayout/FrameLayout/ViewGroup/ScrollView/LinearLayout/LinearLayout/FrameLayout","resourceID":"","total_view":4,"viewNodeIDRelative":0,"viewTag":"android.widget.FrameLayout","viewText":"","webContent":false,"width":996,"x":42,"xpath":"/FrameLayout/LinearLayout/FrameLayout/LinearLayout/FrameLayout/ViewGroup/ScrollView/LinearLayout/LinearLayout/FrameLayout","y":1796}],"clickable":true,"contentDesc":"","depth":9,"height":138,"isList":false,"nodeRelateHash":211190013,"path":"/FrameLayout/LinearLayout/FrameLayout/LinearLayout/FrameLayout/ViewGroup/ScrollView/LinearLayout/LinearLayout","resourceID":"","total_view":5,"viewNodeIDRelative":0,"viewTag":"android.widget.LinearLayout","viewText":"","webContent":false,"width":1080,"x":0,"xpath":"/FrameLayout/LinearLayout/FrameLayout/LinearLayout/FrameLayout/ViewGroup/ScrollView/LinearLayout/LinearLayout","y":1782},{"children":[{"children":[],"clickable":true,"contentDesc":"Recipe photo","depth":10,"height":473,"isList":false,"nodeRelateHash":-1405821095,"path":"/FrameLayout/LinearLayout/FrameLayout/LinearLayout/FrameLayout/ViewGroup/ScrollView/LinearLayout/ViewGroup/ImageView","resourceID":"com.flauschcode.broccoli:id/new_image","total_view":1,"viewNodeIDRelative":0,"viewTag":"android.widget.ImageView","viewText":"","webContent":false,"width":996,"x":42,"xpath":"/FrameLayout/LinearLayout/FrameLayout/LinearLayout/FrameLayout/ViewGroup/ScrollView/LinearLayout/ViewGroup/ImageView","y":252},{"children":[{"children":[],"clickable":true,"contentDesc":"Change photo","depth":11,"height":63,"isList":false,"nodeRelateHash":-1405821094,"path":"/FrameLayout/LinearLayout/FrameLayout/LinearLayout/FrameLayout/ViewGroup/ScrollView/LinearLayout/ViewGroup/LinearLayout/ImageView","resourceID":"","total_view":1,"viewNodeIDRelative":0,"viewTag":"android.widget.ImageView","viewText":"","webContent":false,"width":63,"x":949,"xpath":"/FrameLayout/LinearLayout/FrameLayout/LinearLayout/FrameLayout/ViewGroup/ScrollView/LinearLayout/ViewGroup/LinearLayout/ImageView","y":636}],"clickable":true,"contentDesc":"","depth":10,"height":115,"isList":false,"nodeRelateHash":-1054816621,"path":"/FrameLayout/LinearLayout/FrameLayout/LinearLayout/FrameLayout/ViewGroup/ScrollView/LinearLayout/ViewGroup/LinearLayout","resourceID":"","total_view":2,"viewNodeIDRelative":0,"viewTag":"android.widget.LinearLayout","viewText":"","webContent":false,"width":115,"x":923,"xpath":"/FrameLayout/LinearLayout/FrameLayout/LinearLayout/FrameLayout/ViewGroup/ScrollView/LinearLayout/ViewGroup/LinearLayout","y":610}],"clickable":true,"contentDesc":"","depth":9,"height":473,"isList":false,"nodeRelateHash":2051043142,"path":"/FrameLayout/LinearLayout/FrameLayout/LinearLayout/FrameLayout/ViewGroup/ScrollView/LinearLayout/ViewGroup","resourceID":"","total_view":4,"viewNodeIDRelative":0,"viewTag":"android.view.ViewGroup","viewText":"","webContent":false,"width":996,"x":42,"xpath":"/FrameLayout/LinearLayout/FrameLayout/LinearLayout/FrameLayout/ViewGroup/ScrollView/LinearLayout/ViewGroup","y":252}],"clickable":true,"contentDesc":"","depth":8,"height":1710,"isList":false,"nodeRelateHash":-70953745,"path":"/FrameLayout/LinearLayout/FrameLayout/LinearLayout/FrameLayout/ViewGroup/ScrollView/LinearLayout","resourceID":"","total_view":38,"viewNodeIDRelative":0,"viewTag":"android.widget.LinearLayout","viewText":"","webContent":false,"width":1080,"x":0,"xpath":"/FrameLayout/LinearLayout/FrameLayout/LinearLayout/FrameLayout/ViewGroup/ScrollView/LinearLayout","y":210}],"clickable":true,"contentDesc":"","depth":7,"height":1710,"isList":false,"nodeRelateHash":1264526048,"path":"/FrameLayout/LinearLayout/FrameLayout/LinearLayout/FrameLayout/ViewGroup/ScrollView","resourceID":"","total_view":39,"viewNodeIDRelative":0,"viewTag":"android.widget.ScrollView","viewText":"","webContent":false,"width":1080,"x":0,"xpath":"/FrameLayout/LinearLayout/FrameLayout/LinearLayout/FrameLayout/ViewGroup/ScrollView","y":210}],"clickable":true,"contentDesc":"","depth":6,"height":1920,"isList":false,"nodeRelateHash":-561357418,"path":"/FrameLayout/LinearLayout/FrameLayout/LinearLayout/FrameLayout/ViewGroup","resourceID":"","total_view":45,"viewNodeIDRelative":0,"viewTag":"android.view.ViewGroup","viewText":"","webContent":false,"width":1080,"x":0,"xpath":"/FrameLayout/LinearLayout/FrameLayout/LinearLayout/FrameLayout/ViewGroup","y":0}],"clickable":true,"contentDesc":"","depth":5,"height":1920,"isList":false,"nodeRelateHash":1985171905,"path":"/FrameLayout/LinearLayout/FrameLayout/LinearLayout/FrameLayout","resourceID":"android:id/content","total_view":46,"viewNodeIDRelative":0,"viewTag":"android.widget.FrameLayout","viewText":"","webContent":false,"width":1080,"x":0,"xpath":"/FrameLayout/LinearLayout/FrameLayout/LinearLayout/FrameLayout","y":0}],"clickable":true,"contentDesc":"","depth":4,"height":1920,"isList":false,"nodeRelateHash":985883509,"path":"/FrameLayout/LinearLayout/FrameLayout/LinearLayout","resourceID":"com.flauschcode.broccoli:id/action_bar_root","total_view":47,"viewNodeIDRelative":0,"viewTag":"android.widget.LinearLayout","viewText":"","webContent":false,"width":1080,"x":0,"xpath":"/FrameLayout/LinearLayout/FrameLayout/LinearLayout","y":0}],"clickable":true,"contentDesc":"","depth":3,"height":1920,"isList":false,"nodeRelateHash":2017388459,"path":"/FrameLayout/LinearLayout/FrameLayout","resourceID":"","total_view":48,"viewNodeIDRelative":0,"viewTag":"android.widget.FrameLayout","viewText":"","webContent":false,"width":1080,"x":0,"xpath":"/FrameLayout/LinearLayout/FrameLayout","y":0}],"clickable":true,"contentDesc":"","depth":2,"height":1920,"isList":false,"nodeRelateHash":1694149028,"path":"/FrameLayout/LinearLayout","resourceID":"","total_view":49,"viewNodeIDRelative":0,"viewTag":"android.widget.LinearLayout","viewText":"","webContent":false,"width":1080,"x":0,"xpath":"/FrameLayout/LinearLayout","y":0}],"clickable":true,"contentDesc":"","depth":1,"height":1920,"isList":false,"nodeRelateHash":1527382964,"path":"/FrameLayout","resourceID":"","total_view":50,"viewNodeIDRelative":0,"viewTag":"android.widget.FrameLayout","viewText":"","webContent":false,"width":1080,"x":0,"xpath":"/FrameLayout","y":0}],"clickable":false,"depth":0,"height":0,"isList":false,"nodeRelateHash":1601537491,"path":"","total_view":52,"viewNodeIDRelative":0,"webContent":false,"width":0,"x":0,"xpath":"","y":0},"totalViewCount":52,"treeStructureHash":1601537491}