{"Deeplink":"","activityName":"CreateAndEditRecipeActivity","clickable_list":["/FrameLayout/LinearLayout/FrameLayout/FrameLayout/FrameLayout/LinearLayoutCompat/LinearLayout/View","/FrameLayout/LinearLayout/FrameLayout/FrameLayout/FrameLayout/LinearLayoutCompat/ScrollView/LinearLayout/Button","/FrameLayout/LinearLayout/FrameLayout/FrameLayout/FrameLayout/LinearLayoutCompat/LinearLayout/LinearLayout/TextView","/FrameLayout/LinearLayout/FrameLayout/FrameLayout/FrameLayout/LinearLayoutCompat/FrameLayout/ScrollView/LinearLayout/TextView"],"deeplink":"","hasWebview":false,"relativeCount":0,"root":{"children":[{"children":[{"children":[{"children":[{"children":[{"children":[{"children":[{"children":[{"children":[{"children":[],"clickable":true,"contentDesc":"","depth":9,"height":165,"isList":false,"nodeRelateHash":93191544,"path":"/FrameLayout/LinearLayout/FrameLayout/FrameLayout/FrameLayout/LinearLayoutCompat/ScrollView/LinearLayout/Button","resourceID":"android:id/button1","total_view":1,"viewNodeIDRelative":0,"viewTag":"android.widget.Button","viewText":"","webContent":false,"width":168,"x":810,"xpath":"/FrameLayout/LinearLayout/FrameLayout/FrameLayout/FrameLayout/LinearLayoutCompat/ScrollView/LinearLayout/Button","y":1041}],"clickable":true,"contentDesc":"","depth":8,"height":187,"isList":false,"nodeRelateHash":-1999101081,"path":"/FrameLayout/LinearLayout/FrameLayout/FrameLayout/FrameLayout/LinearLayoutCompat/ScrollView/LinearLayout","resourceID":"","total_view":2,"viewNodeIDRelative":0,"viewTag":"android.widget.LinearLayout","viewText":"","webContent":false,"width":940,"x":70,"xpath":"/FrameLayout/LinearLayout/FrameLayout/FrameLayout/FrameLayout/LinearLayoutCompat/ScrollView/LinearLayout","y":1030}],"clickable":true,"contentDesc":"","depth":7,"height":187,"isList":false,"nodeRelateHash":1016879493,"path":"/FrameLayout/LinearLayout/FrameLayout/FrameLayout/FrameLayout/LinearLayoutCompat/ScrollView","resourceID":"com.flauschcode.broccoli:id/buttonPanel","total_view":3,"viewNodeIDRelative":0,"viewTag":"android.widget.ScrollView","viewText":"","webContent":false,"width":940,"x":70,"xpath":"/FrameLayout/LinearLayout/FrameLayout/FrameLayout/FrameLayout/LinearLayoutCompat/ScrollView","y":1030},{"children":[{"children":[{"children":[{"children":[],"clickable":true,"contentDesc":"","depth":10,"height":57,"isList":false,"nodeRelateHash":-1405493394,"path":"/FrameLayout/LinearLayout/FrameLayout/FrameLayout/FrameLayout/LinearLayoutCompat/FrameLayout/ScrollView/LinearLayout/TextView","resourceID":"android:id/message","total_view":1,"viewNodeIDRelative":0,"viewTag":"android.widget.TextView","viewText":"No categories have been created yet.","webContent":false,"width":940,"x":70,"xpath":"/FrameLayout/LinearLayout/FrameLayout/FrameLayout/FrameLayout/LinearLayoutCompat/FrameLayout/ScrollView/LinearLayout/TextView","y":904}],"clickable":true,"contentDesc":"","depth":9,"height":57,"isList":false,"nodeRelateHash":-994851181,"path":"/FrameLayout/LinearLayout/FrameLayout/FrameLayout/FrameLayout/LinearLayoutCompat/FrameLayout/ScrollView/LinearLayout","resourceID":"","total_view":2,"viewNodeIDRelative":0,"viewTag":"android.widget.LinearLayout","viewText":"","webContent":false,"width":940,"x":70,"xpath":"/FrameLayout/LinearLayout/FrameLayout/FrameLayout/FrameLayout/LinearLayoutCompat/FrameLayout/ScrollView/LinearLayout","y":904}],"clickable":true,"contentDesc":"","depth":8,"height":57,"isList":false,"nodeRelateHash":-2120865435,"path":"/FrameLayout/LinearLayout/FrameLayout/FrameLayout/FrameLayout/LinearLayoutCompat/FrameLayout/ScrollView","resourceID":"com.flauschcode.broccoli:id/scrollView","total_view":3,"viewNodeIDRelative":0,"viewTag":"android.widget.ScrollView","viewText":"","webContent":false,"width":940,"x":70,"xpath":"/FrameLayout/LinearLayout/FrameLayout/FrameLayout/FrameLayout/LinearLayoutCompat/FrameLayout/ScrollView","y":904}],"clickable":true,"contentDesc":"","depth":7,"height":126,"isList":false,"nodeRelateHash":1871126383,"path":"/FrameLayout/LinearLayout/FrameLayout/FrameLayout/FrameLayout/LinearLayoutCompat/FrameLayout","resourceID":"com.flauschcode.broccoli:id/contentPanel","total_view":4,"viewNodeIDRelative":0,"viewTag":"android.widget.FrameLayout","viewText":"","webContent":false,"width":940,"x":70,"xpath":"/FrameLayout/LinearLayout/FrameLayout/FrameLayout/FrameLayout/LinearLayoutCompat/FrameLayout","y":904},{"children":[{"children":[{"children":[],"clickable":true,"contentDesc":"","depth":9,"height":71,"isList":false,"nodeRelateHash":93208842,"path":"/FrameLayout/LinearLayout/FrameLayout/FrameLayout/FrameLayout/LinearLayoutCompat/LinearLayout/LinearLayout/TextView","resourceID":"com.flauschcode.broccoli:id/alertTitle","total_view":1,"viewNodeIDRelative":0,"viewTag":"android.widget.TextView","viewText":"Categories","webContent":false,"width":814,"x":133,"xpath":"/FrameLayout/LinearLayout/FrameLayout/FrameLayout/FrameLayout/LinearLayoutCompat/LinearLayout/LinearLayout/TextView","y":812}],"clickable":true,"contentDesc":"","depth":8,"height":118,"isList":false,"nodeRelateHash":-1978572201,"path":"/FrameLayout/LinearLayout/FrameLayout/FrameLayout/FrameLayout/LinearLayoutCompat/LinearLayout/LinearLayout","resourceID":"com.flauschcode.broccoli:id/title_template","total_view":2,"viewNodeIDRelative":0,"viewTag":"android.widget.LinearLayout","viewText":"","webContent":false,"width":940,"x":70,"xpath":"/FrameLayout/LinearLayout/FrameLayout/FrameLayout/FrameLayout/LinearLayoutCompat/LinearLayout/LinearLayout","y":765},{"children":[],"clickable":true,"contentDesc":"","depth":8,"height":21,"isList":false,"nodeRelateHash":93180972,"path":"/FrameLayout/LinearLayout/FrameLayout/FrameLayout/FrameLayout/LinearLayoutCompat/LinearLayout/View","resourceID":"com.flauschcode.broccoli:id/titleDividerNoCustom","total_view":1,"viewNodeIDRelative":0,"viewTag":"android.view.View","viewText":"","webContent":false,"width":940,"x":70,"xpath":"/FrameLayout/LinearLayout/FrameLayout/FrameLayout/FrameLayout/LinearLayoutCompat/LinearLayout/View","y":883}],"clickable":true,"contentDesc":"","depth":7,"height":139,"isList":false,"nodeRelateHash":-2044743938,"path":"/FrameLayout/LinearLayout/FrameLayout/FrameLayout/FrameLayout/LinearLayoutCompat/LinearLayout","resourceID":"com.flauschcode.broccoli:id/topPanel","total_view":4,"viewNodeIDRelative":0,"viewTag":"android.widget.LinearLayout","viewText":"","webContent":false,"width":940,"x":70,"xpath":"/FrameLayout/LinearLayout/FrameLayout/FrameLayout/FrameLayout/LinearLayoutCompat/LinearLayout","y":765}],"clickable":true,"contentDesc":"","depth":6,"height":452,"isList":false,"nodeRelateHash":-172035325,"path":"/FrameLayout/LinearLayout/FrameLayout/FrameLayout/FrameLayout/LinearLayoutCompat","resourceID":"com.flauschcode.broccoli:id/parentPanel","total_view":12,"viewNodeIDRelative":0,"viewTag":"androidx.appcompat.widget.LinearLayoutCompat","viewText":"","webContent":false,"width":940,"x":70,"xpath":"/FrameLayout/LinearLayout/FrameLayout/FrameLayout/FrameLayout/LinearLayoutCompat","y":765}],"clickable":true,"contentDesc":"","depth":5,"height":452,"isList":false,"nodeRelateHash":-1127393125,"path":"/FrameLayout/LinearLayout/FrameLayout/FrameLayout/FrameLayout","resourceID":"android:id/content","total_view":13,"viewNodeIDRelative":0,"viewTag":"android.widget.FrameLayout","viewText":"","webContent":false,"width":940,"x":70,"xpath":"/FrameLayout/LinearLayout/FrameLayout/FrameLayout/FrameLayout","y":765}],"clickable":true,"contentDesc":"","depth":4,"height":452,"isList":false,"nodeRelateHash":-837454782,"path":"/FrameLayout/LinearLayout/FrameLayout/FrameLayout","resourceID":"com.flauschcode.broccoli:id/action_bar_root","total_view":14,"viewNodeIDRelative":0,"viewTag":"android.widget.FrameLayout","viewText":"","webContent":false,"width":940,"x":70,"xpath":"/FrameLayout/LinearLayout/FrameLayout/FrameLayout","y":765}],"clickable":true,"contentDesc":"","depth":3,"height":452,"isList":false,"nodeRelateHash":281845187,"path":"/FrameLayout/LinearLayout/FrameLayout","resourceID":"","total_view":15,"viewNodeIDRelative":0,"viewTag":"android.widget.FrameLayout","viewText":"","webContent":false,"width":940,"x":70,"xpath":"/FrameLayout/LinearLayout/FrameLayout","y":765}],"clickable":true,"contentDesc":"","depth":2,"height":452,"isList":false,"nodeRelateHash":-797975193,"path":"/FrameLayout/LinearLayout","resourceID":"","total_view":16,"viewNodeIDRelative":0,"viewTag":"android.widget.LinearLayout","viewText":"","webContent":false,"width":940,"x":70,"xpath":"/FrameLayout/LinearLayout","y":765}],"clickable":true,"contentDesc":"","depth":1,"height":536,"isList":false,"nodeRelateHash":-894787952,"path":"/FrameLayout","resourceID":"","total_view":17,"viewNodeIDRelative":0,"viewTag":"android.widget.FrameLayout","viewText":"","webContent":false,"width":1024,"x":28,"xpath":"/FrameLayout","y":723}],"clickable":false,"depth":0,"height":0,"isList":false,"nodeRelateHash":-1596867354,"path":"","total_view":17,"viewNodeIDRelative":0,"webContent":false,"width":0,"x":0,"xpath":"","y":0},"totalViewCount":17,"treeStructureHash":-1596867354}