{"Deeplink":"","activityName":"CreateAndEditRecipeActivity","clickable_list":["/FrameLayout/LinearLayout/FrameLayout/FrameLayout/FrameLayout/LinearLayoutCompat/LinearLayout/View","/FrameLayout/LinearLayout/FrameLayout/FrameLayout/FrameLayout/LinearLayoutCompat/LinearLayout/LinearLayout/TextView","/FrameLayout/LinearLayout/FrameLayout/FrameLayout/FrameLayout/LinearLayoutCompat/FrameLayout/ListView/TextView"],"deeplink":"","hasWebview":false,"relativeCount":0,"root":{"children":[{"children":[{"children":[{"children":[{"children":[{"children":[{"children":[{"children":[{"children":[{"children":[],"clickable":true,"contentDesc":"","depth":9,"height":71,"isList":false,"nodeRelateHash":93208842,"path":"/FrameLayout/LinearLayout/FrameLayout/FrameLayout/FrameLayout/LinearLayoutCompat/LinearLayout/LinearLayout/TextView","resourceID":"com.flauschcode.broccoli:id/alertTitle","total_view":1,"viewNodeIDRelative":0,"viewTag":"android.widget.TextView","viewText":"Change photo","webContent":false,"width":814,"x":133,"xpath":"/FrameLayout/LinearLayout/FrameLayout/FrameLayout/FrameLayout/LinearLayoutCompat/LinearLayout/LinearLayout/TextView","y":832}],"clickable":true,"contentDesc":"","depth":8,"height":118,"isList":false,"nodeRelateHash":-1978572201,"path":"/FrameLayout/LinearLayout/FrameLayout/FrameLayout/FrameLayout/LinearLayoutCompat/LinearLayout/LinearLayout","resourceID":"com.flauschcode.broccoli:id/title_template","total_view":2,"viewNodeIDRelative":0,"viewTag":"android.widget.LinearLayout","viewText":"","webContent":false,"width":940,"x":70,"xpath":"/FrameLayout/LinearLayout/FrameLayout/FrameLayout/FrameLayout/LinearLayoutCompat/LinearLayout/LinearLayout","y":785},{"children":[],"clickable":true,"contentDesc":"","depth":8,"height":21,"isList":false,"nodeRelateHash":93180972,"path":"/FrameLayout/LinearLayout/FrameLayout/FrameLayout/FrameLayout/LinearLayoutCompat/LinearLayout/View","resourceID":"com.flauschcode.broccoli:id/titleDividerNoCustom","total_view":1,"viewNodeIDRelative":0,"viewTag":"android.view.View","viewText":"","webContent":false,"width":940,"x":70,"xpath":"/FrameLayout/LinearLayout/FrameLayout/FrameLayout/FrameLayout/LinearLayoutCompat/LinearLayout/View","y":903}],"clickable":true,"contentDesc":"","depth":7,"height":139,"isList":false,"nodeRelateHash":-2044743938,"path":"/FrameLayout/LinearLayout/FrameLayout/FrameLayout/FrameLayout/LinearLayoutCompat/LinearLayout","resourceID":"com.flauschcode.broccoli:id/topPanel","total_view":4,"viewNodeIDRelative":0,"viewTag":"android.widget.LinearLayout","viewText":"","webContent":false,"width":940,"x":70,"xpath":"/FrameLayout/LinearLayout/FrameLayout/FrameLayout/FrameLayout/LinearLayoutCompat/LinearLayout","y":785},{"children":[{"children":[{"children":[],"clickable":true,"contentDesc":"","depth":9,"height":126,"isList":false,"nodeRelateHash":93208842,"path":"/FrameLayout/LinearLayout/FrameLayout/FrameLayout/FrameLayout/LinearLayoutCompat/FrameLayout/ListView/TextView","resourceID":"android:id/text1","total_view":1,"viewNodeIDRelative":0,"viewTag":"android.widget.TextView","viewText":"Pick photo","webContent":false,"width":940,"x":70,"xpath":"/FrameLayout/LinearLayout/FrameLayout/FrameLayout/FrameLayout/LinearLayoutCompat/FrameLayout/ListView/TextView","y":924},{"children":[],"clickable":true,"contentDesc":"","depth":9,"height":126,"isList":false,"nodeRelateHash":93208842,"path":"/FrameLayout/LinearLayout/FrameLayout/FrameLayout/FrameLayout/LinearLayoutCompat/FrameLayout/ListView/TextView","resourceID":"android:id/text1","total_view":1,"viewNodeIDRelative":0,"viewTag":"android.widget.TextView","viewText":"Take photo","webContent":false,"width":940,"x":70,"xpath":"/FrameLayout/LinearLayout/FrameLayout/FrameLayout/FrameLayout/LinearLayoutCompat/FrameLayout/ListView/TextView","y":1050}],"clickable":true,"contentDesc":"","depth":8,"height":273,"isList":false,"nodeRelateHash":-1978572201,"path":"/FrameLayout/LinearLayout/FrameLayout/FrameLayout/FrameLayout/LinearLayoutCompat/FrameLayout/ListView","resourceID":"com.flauschcode.broccoli:id/select_dialog_listview","total_view":3,"viewNodeIDRelative":0,"viewTag":"android.widget.ListView","viewText":"","webContent":false,"width":940,"x":70,"xpath":"/FrameLayout/LinearLayout/FrameLayout/FrameLayout/FrameLayout/LinearLayoutCompat/FrameLayout/ListView","y":924}],"clickable":true,"contentDesc":"","depth":7,"height":273,"isList":false,"nodeRelateHash":-957937313,"path":"/FrameLayout/LinearLayout/FrameLayout/FrameLayout/FrameLayout/LinearLayoutCompat/FrameLayout","resourceID":"com.flauschcode.broccoli:id/contentPanel","total_view":4,"viewNodeIDRelative":0,"viewTag":"android.widget.FrameLayout","viewText":"","webContent":false,"width":940,"x":70,"xpath":"/FrameLayout/LinearLayout/FrameLayout/FrameLayout/FrameLayout/LinearLayoutCompat/FrameLayout","y":924}],"clickable":true,"contentDesc":"","depth":6,"height":412,"isList":false,"nodeRelateHash":-1869482757,"path":"/FrameLayout/LinearLayout/FrameLayout/FrameLayout/FrameLayout/LinearLayoutCompat","resourceID":"com.flauschcode.broccoli:id/parentPanel","total_view":9,"viewNodeIDRelative":0,"viewTag":"androidx.appcompat.widget.LinearLayoutCompat","viewText":"","webContent":false,"width":940,"x":70,"xpath":"/FrameLayout/LinearLayout/FrameLayout/FrameLayout/FrameLayout/LinearLayoutCompat","y":785}],"clickable":true,"contentDesc":"","depth":5,"height":412,"isList":false,"nodeRelateHash":-291655606,"path":"/FrameLayout/LinearLayout/FrameLayout/FrameLayout/FrameLayout","resourceID":"android:id/content","total_view":10,"viewNodeIDRelative":0,"viewTag":"android.widget.FrameLayout","viewText":"","webContent":false,"width":940,"x":70,"xpath":"/FrameLayout/LinearLayout/FrameLayout/FrameLayout/FrameLayout","y":785}],"clickable":true,"contentDesc":"","depth":4,"height":412,"isList":false,"nodeRelateHash":1633845530,"path":"/FrameLayout/LinearLayout/FrameLayout/FrameLayout","resourceID":"com.flauschcode.broccoli:id/action_bar_root","total_view":11,"viewNodeIDRelative":0,"viewTag":"android.widget.FrameLayout","viewText":"","webContent":false,"width":940,"x":70,"xpath":"/FrameLayout/LinearLayout/FrameLayout/FrameLayout","y":785}],"clickable":true,"contentDesc":"","depth":3,"height":412,"isList":false,"nodeRelateHash":-325693836,"path":"/FrameLayout/LinearLayout/FrameLayout","resourceID":"","total_view":12,"viewNodeIDRelative":0,"viewTag":"android.widget.FrameLayout","viewText":"","webContent":false,"width":940,"x":70,"xpath":"/FrameLayout/LinearLayout/FrameLayout","y":785}],"clickable":true,"contentDesc":"","depth":2,"height":412,"isList":false,"nodeRelateHash":1603789231,"path":"/FrameLayout/LinearLayout","resourceID":"","total_view":13,"viewNodeIDRelative":0,"viewTag":"android.widget.LinearLayout","viewText":"","webContent":false,"width":940,"x":70,"xpath":"/FrameLayout/LinearLayout","y":785}],"clickable":true,"contentDesc":"","depth":1,"height":496,"isList":false,"nodeRelateHash":-1985040908,"path":"/FrameLayout","resourceID":"","total_view":14,"viewNodeIDRelative":0,"viewTag":"android.widget.FrameLayout","viewText":"","webContent":false,"width":1024,"x":28,"xpath":"/FrameLayout","y":743}],"clickable":false,"depth":0,"height":0,"isList":false,"nodeRelateHash":-213454553,"path":"","total_view":14,"viewNodeIDRelative":0,"webContent":false,"width":0,"x":0,"xpath":"","y":0},"totalViewCount":14,"treeStructureHash":-213454553}