{"Deeplink":"","activityName":"LibsActivity","clickable_list":["/FrameLayout/LinearLayout/FrameLayout/LinearLayout/FrameLayout/ViewGroup/ViewGroup/ImageButton","/FrameLayout/LinearLayout/FrameLayout/LinearLayout/FrameLayout/ViewGroup/FrameLayout/RecyclerView/CardView/ViewGroup/View","/FrameLayout/LinearLayout/FrameLayout/LinearLayout/FrameLayout/ViewGroup/FrameLayout/RecyclerView/CardView/ViewGroup/TextView"],"deeplink":"","hasWebview":false,"relativeCount":0,"root":{"children":[{"children":[{"children":[{"children":[{"children":[{"children":[{"children":[{"children":[{"children":[],"clickable":true,"contentDesc":"Navigate up","depth":8,"height":147,"isList":false,"nodeRelateHash":93198270,"path":"/FrameLayout/LinearLayout/FrameLayout/LinearLayout/FrameLayout/ViewGroup/ViewGroup/ImageButton","resourceID":"","total_view":1,"viewNodeIDRelative":0,"viewTag":"android.widget.ImageButton","viewText":"","webContent":false,"width":147,"x":0,"xpath":"/FrameLayout/LinearLayout/FrameLayout/LinearLayout/FrameLayout/ViewGroup/ViewGroup/ImageButton","y":63}],"clickable":true,"contentDesc":"","depth":7,"height":147,"isList":false,"nodeRelateHash":-1110168000,"path":"/FrameLayout/LinearLayout/FrameLayout/LinearLayout/FrameLayout/ViewGroup/ViewGroup","resourceID":"com.flauschcode.broccoli:id/toolbar","total_view":2,"viewNodeIDRelative":0,"viewTag":"android.view.ViewGroup","viewText":"","webContent":false,"width":1080,"x":0,"xpath":"/FrameLayout/LinearLayout/FrameLayout/LinearLayout/FrameLayout/ViewGroup/ViewGroup","y":63},{"children":[{"children":[{"children":[{"children":[{"children":[],"clickable":true,"contentDesc":"","depth":11,"height":1,"isList":false,"nodeRelateHash":-1406357332,"path":"/FrameLayout/LinearLayout/FrameLayout/LinearLayout/FrameLayout/ViewGroup/FrameLayout/RecyclerView/CardView/ViewGroup/View","resourceID":"com.flauschcode.broccoli:id/libraryDescriptionDivider","total_view":1,"viewNodeIDRelative":0,"viewTag":"android.view.View","viewText":"","webContent":false,"width":996,"x":42,"xpath":"/FrameLayout/LinearLayout/FrameLayout/LinearLayout/FrameLayout/ViewGroup/FrameLayout/RecyclerView/CardView/ViewGroup/View","y":436},{"children":[],"clickable":true,"contentDesc":"","depth":11,"height":1,"isList":false,"nodeRelateHash":-1406357332,"path":"/FrameLayout/LinearLayout/FrameLayout/LinearLayout/FrameLayout/ViewGroup/FrameLayout/RecyclerView/CardView/ViewGroup/View","resourceID":"com.flauschcode.broccoli:id/libraryBottomDivider","total_view":1,"viewNodeIDRelative":0,"viewTag":"android.view.View","viewText":"","webContent":false,"width":996,"x":42,"xpath":"/FrameLayout/LinearLayout/FrameLayout/LinearLayout/FrameLayout/ViewGroup/FrameLayout/RecyclerView/CardView/ViewGroup/View","y":659},{"children":[],"clickable":true,"contentDesc":"","depth":11,"height":127,"isList":false,"nodeRelateHash":-1405493393,"path":"/FrameLayout/LinearLayout/FrameLayout/LinearLayout/FrameLayout/ViewGroup/FrameLayout/RecyclerView/CardView/ViewGroup/TextView","resourceID":"com.flauschcode.broccoli:id/libraryName","total_view":1,"viewNodeIDRelative":0,"viewTag":"android.widget.TextView","viewText":"AboutLibraries Library","webContent":false,"width":846,"x":42,"xpath":"/FrameLayout/LinearLayout/FrameLayout/LinearLayout/FrameLayout/ViewGroup/FrameLayout/RecyclerView/CardView/ViewGroup/TextView","y":231},{"children":[],"clickable":true,"contentDesc":"","depth":11,"height":93,"isList":false,"nodeRelateHash":-1405493393,"path":"/FrameLayout/LinearLayout/FrameLayout/LinearLayout/FrameLayout/ViewGroup/FrameLayout/RecyclerView/CardView/ViewGroup/TextView","resourceID":"com.flauschcode.broccoli:id/libraryVersion","total_view":1,"viewNodeIDRelative":0,"viewTag":"android.widget.TextView","viewText":"10.6.3","webContent":false,"width":150,"x":888,"xpath":"/FrameLayout/LinearLayout/FrameLayout/LinearLayout/FrameLayout/ViewGroup/FrameLayout/RecyclerView/CardView/ViewGroup/TextView","y":248},{"children":[],"clickable":true,"contentDesc":"","depth":11,"height":57,"isList":false,"nodeRelateHash":-1405493393,"path":"/FrameLayout/LinearLayout/FrameLayout/LinearLayout/FrameLayout/ViewGroup/FrameLayout/RecyclerView/CardView/ViewGroup/TextView","resourceID":"com.flauschcode.broccoli:id/libraryCreator","total_view":1,"viewNodeIDRelative":0,"viewTag":"android.widget.TextView","viewText":"Mike Penz","webContent":false,"width":846,"x":42,"xpath":"/FrameLayout/LinearLayout/FrameLayout/LinearLayout/FrameLayout/ViewGroup/FrameLayout/RecyclerView/CardView/ViewGroup/TextView","y":358},{"children":[],"clickable":true,"contentDesc":"","depth":11,"height":180,"isList":false,"nodeRelateHash":-1405493393,"path":"/FrameLayout/LinearLayout/FrameLayout/LinearLayout/FrameLayout/ViewGroup/FrameLayout/RecyclerView/CardView/ViewGroup/TextView","resourceID":"com.flauschcode.broccoli:id/libraryDescription","total_view":1,"viewNodeIDRelative":0,"viewTag":"android.widget.TextView","viewText":"AboutLibraries automatically detects all dependencies of a project and collects their information including the license. Optionally visualising it via the provided ui components.","webContent":false,"width":912,"x":84,"xpath":"/FrameLayout/LinearLayout/FrameLayout/LinearLayout/FrameLayout/ViewGroup/FrameLayout/RecyclerView/CardView/ViewGroup/TextView","y":458},{"children":[],"clickable":true,"contentDesc":"","depth":11,"height":99,"isList":false,"nodeRelateHash":-1405493393,"path":"/FrameLayout/LinearLayout/FrameLayout/LinearLayout/FrameLayout/ViewGroup/FrameLayout/RecyclerView/CardView/ViewGroup/TextView","resourceID":"com.flauschcode.broccoli:id/libraryLicense","total_view":1,"viewNodeIDRelative":0,"viewTag":"android.widget.TextView","viewText":"Apache License 2.0","webContent":false,"width":996,"x":42,"xpath":"/FrameLayout/LinearLayout/FrameLayout/LinearLayout/FrameLayout/ViewGroup/FrameLayout/RecyclerView/CardView/ViewGroup/TextView","y":681}],"clickable":true,"contentDesc":"","depth":10,"height":549,"isList":true,"nodeRelateHash":-1154045140,"path":"/FrameLayout/LinearLayout/FrameLayout/LinearLayout/FrameLayout/ViewGroup/FrameLayout/RecyclerView/CardView/ViewGroup","resourceID":"com.flauschcode.broccoli:id/content","total_view":8,"viewNodeIDRelative":0,"viewTag":"android.view.ViewGroup","viewText":"","webContent":false,"width":996,"x":42,"xpath":"/FrameLayout/LinearLayout/FrameLayout/LinearLayout/FrameLayout/ViewGroup/FrameLayout/RecyclerView/CardView/ViewGroup","y":231}],"clickable":true,"contentDesc":"","depth":9,"height":549,"isList":false,"nodeRelateHash":906095310,"path":"/FrameLayout/LinearLayout/FrameLayout/LinearLayout/FrameLayout/ViewGroup/FrameLayout/RecyclerView/CardView","resourceID":"","total_view":9,"viewNodeIDRelative":0,"viewTag":"androidx.cardview.widget.CardView","viewText":"","webContent":false,"width":996,"x":42,"xpath":"/FrameLayout/LinearLayout/FrameLayout/LinearLayout/FrameLayout/ViewGroup/FrameLayout/RecyclerView/CardView","y":231},{"children":[{"children":[{"children":[],"clickable":true,"contentDesc":"","depth":11,"height":1,"isList":false,"nodeRelateHash":-1406357332,"path":"/FrameLayout/LinearLayout/FrameLayout/LinearLayout/FrameLayout/ViewGroup/FrameLayout/RecyclerView/CardView/ViewGroup/View","resourceID":"com.flauschcode.broccoli:id/libraryDescriptionDivider","total_view":1,"viewNodeIDRelative":0,"viewTag":"android.view.View","viewText":"","webContent":false,"width":996,"x":42,"xpath":"/FrameLayout/LinearLayout/FrameLayout/LinearLayout/FrameLayout/ViewGroup/FrameLayout/RecyclerView/CardView/ViewGroup/View","y":1027},{"children":[],"clickable":true,"contentDesc":"","depth":11,"height":1,"isList":false,"nodeRelateHash":-1406357332,"path":"/FrameLayout/LinearLayout/FrameLayout/LinearLayout/FrameLayout/ViewGroup/FrameLayout/RecyclerView/CardView/ViewGroup/View","resourceID":"com.flauschcode.broccoli:id/libraryBottomDivider","total_view":1,"viewNodeIDRelative":0,"viewTag":"android.view.View","viewText":"","webContent":false,"width":996,"x":42,"xpath":"/FrameLayout/LinearLayout/FrameLayout/LinearLayout/FrameLayout/ViewGroup/FrameLayout/RecyclerView/CardView/ViewGroup/View","y":1164},{"children":[],"clickable":true,"contentDesc":"","depth":11,"height":127,"isList":false,"nodeRelateHash":-1405493393,"path":"/FrameLayout/LinearLayout/FrameLayout/LinearLayout/FrameLayout/ViewGroup/FrameLayout/RecyclerView/CardView/ViewGroup/TextView","resourceID":"com.flauschcode.broccoli:id/libraryName","total_view":1,"viewNodeIDRelative":0,"viewTag":"android.widget.TextView","viewText":"Activity","webContent":false,"width":867,"x":42,"xpath":"/FrameLayout/LinearLayout/FrameLayout/LinearLayout/FrameLayout/ViewGroup/FrameLayout/RecyclerView/CardView/ViewGroup/TextView","y":822},{"children":[],"clickable":true,"contentDesc":"","depth":11,"height":93,"isList":false,"nodeRelateHash":-1405493393,"path":"/FrameLayout/LinearLayout/FrameLayout/LinearLayout/FrameLayout/ViewGroup/FrameLayout/RecyclerView/CardView/ViewGroup/TextView","resourceID":"com.flauschcode.broccoli:id/libraryVersion","total_view":1,"viewNodeIDRelative":0,"viewTag":"android.widget.TextView","viewText":"1.7.2","webContent":false,"width":129,"x":909,"xpath":"/FrameLayout/LinearLayout/FrameLayout/LinearLayout/FrameLayout/ViewGroup/FrameLayout/RecyclerView/CardView/ViewGroup/TextView","y":839},{"children":[],"clickable":true,"contentDesc":"","depth":11,"height":57,"isList":false,"nodeRelateHash":-1405493393,"path":"/FrameLayout/LinearLayout/FrameLayout/LinearLayout/FrameLayout/ViewGroup/FrameLayout/RecyclerView/CardView/ViewGroup/TextView","resourceID":"com.flauschcode.broccoli:id/libraryCreator","total_view":1,"viewNodeIDRelative":0,"viewTag":"android.widget.TextView","viewText":"The Android Open Source Project","webContent":false,"width":867,"x":42,"xpath":"/FrameLayout/LinearLayout/FrameLayout/LinearLayout/FrameLayout/ViewGroup/FrameLayout/RecyclerView/CardView/ViewGroup/TextView","y":949},{"children":[],"clickable":true,"contentDesc":"","depth":11,"height":94,"isList":false,"nodeRelateHash":-1405493393,"path":"/FrameLayout/LinearLayout/FrameLayout/LinearLayout/FrameLayout/ViewGroup/FrameLayout/RecyclerView/CardView/ViewGroup/TextView","resourceID":"com.flauschcode.broccoli:id/libraryDescription","total_view":1,"viewNodeIDRelative":0,"viewTag":"android.widget.TextView","viewText":"Provides the base Activity subclass and the relevant hooks to build a composable structure on top.","webContent":false,"width":912,"x":84,"xpath":"/FrameLayout/LinearLayout/FrameLayout/LinearLayout/FrameLayout/ViewGroup/FrameLayout/RecyclerView/CardView/ViewGroup/TextView","y":1049},{"children":[],"clickable":true,"contentDesc":"","depth":11,"height":99,"isList":false,"nodeRelateHash":-1405493393,"path":"/FrameLayout/LinearLayout/FrameLayout/LinearLayout/FrameLayout/ViewGroup/FrameLayout/RecyclerView/CardView/ViewGroup/TextView","resourceID":"com.flauschcode.broccoli:id/libraryLicense","total_view":1,"viewNodeIDRelative":0,"viewTag":"android.widget.TextView","viewText":"Apache License 2.0","webContent":false,"width":996,"x":42,"xpath":"/FrameLayout/LinearLayout/FrameLayout/LinearLayout/FrameLayout/ViewGroup/FrameLayout/RecyclerView/CardView/ViewGroup/TextView","y":1186}],"clickable":true,"contentDesc":"","depth":10,"height":463,"isList":true,"nodeRelateHash":-1154045140,"path":"/FrameLayout/LinearLayout/FrameLayout/LinearLayout/FrameLayout/ViewGroup/FrameLayout/RecyclerView/CardView/ViewGroup","resourceID":"com.flauschcode.broccoli:id/content","total_view":8,"viewNodeIDRelative":0,"viewTag":"android.view.ViewGroup","viewText":"","webContent":false,"width":996,"x":42,"xpath":"/FrameLayout/LinearLayout/FrameLayout/LinearLayout/FrameLayout/ViewGroup/FrameLayout/RecyclerView/CardView/ViewGroup","y":822}],"clickable":true,"contentDesc":"","depth":9,"height":463,"isList":false,"nodeRelateHash":906095310,"path":"/FrameLayout/LinearLayout/FrameLayout/LinearLayout/FrameLayout/ViewGroup/FrameLayout/RecyclerView/CardView","resourceID":"","total_view":9,"viewNodeIDRelative":0,"viewTag":"androidx.cardview.widget.CardView","viewText":"","webContent":false,"width":996,"x":42,"xpath":"/FrameLayout/LinearLayout/FrameLayout/LinearLayout/FrameLayout/ViewGroup/FrameLayout/RecyclerView/CardView","y":822},{"children":[{"children":[{"children":[],"clickable":true,"contentDesc":"","depth":11,"height":1,"isList":false,"nodeRelateHash":-1406357332,"path":"/FrameLayout/LinearLayout/FrameLayout/LinearLayout/FrameLayout/ViewGroup/FrameLayout/RecyclerView/CardView/ViewGroup/View","resourceID":"com.flauschcode.broccoli:id/libraryDescriptionDivider","total_view":1,"viewNodeIDRelative":0,"viewTag":"android.view.View","viewText":"","webContent":false,"width":996,"x":42,"xpath":"/FrameLayout/LinearLayout/FrameLayout/LinearLayout/FrameLayout/ViewGroup/FrameLayout/RecyclerView/CardView/ViewGroup/View","y":1532},{"children":[],"clickable":true,"contentDesc":"","depth":11,"height":1,"isList":false,"nodeRelateHash":-1406357332,"path":"/FrameLayout/LinearLayout/FrameLayout/LinearLayout/FrameLayout/ViewGroup/FrameLayout/RecyclerView/CardView/ViewGroup/View","resourceID":"com.flauschcode.broccoli:id/libraryBottomDivider","total_view":1,"viewNodeIDRelative":0,"viewTag":"android.view.View","viewText":"","webContent":false,"width":996,"x":42,"xpath":"/FrameLayout/LinearLayout/FrameLayout/LinearLayout/FrameLayout/ViewGroup/FrameLayout/RecyclerView/CardView/ViewGroup/View","y":1626},{"children":[],"clickable":true,"contentDesc":"","depth":11,"height":127,"isList":false,"nodeRelateHash":-1405493393,"path":"/FrameLayout/LinearLayout/FrameLayout/LinearLayout/FrameLayout/ViewGroup/FrameLayout/RecyclerView/CardView/ViewGroup/TextView","resourceID":"com.flauschcode.broccoli:id/libraryName","total_view":1,"viewNodeIDRelative":0,"viewTag":"android.widget.TextView","viewText":"Activity Kotlin Extensions","webContent":false,"width":867,"x":42,"xpath":"/FrameLayout/LinearLayout/FrameLayout/LinearLayout/FrameLayout/ViewGroup/FrameLayout/RecyclerView/CardView/ViewGroup/TextView","y":1327},{"children":[],"clickable":true,"contentDesc":"","depth":11,"height":93,"isList":false,"nodeRelateHash":-1405493393,"path":"/FrameLayout/LinearLayout/FrameLayout/LinearLayout/FrameLayout/ViewGroup/FrameLayout/RecyclerView/CardView/ViewGroup/TextView","resourceID":"com.flauschcode.broccoli:id/libraryVersion","total_view":1,"viewNodeIDRelative":0,"viewTag":"android.widget.TextView","viewText":"1.7.2","webContent":false,"width":129,"x":909,"xpath":"/FrameLayout/LinearLayout/FrameLayout/LinearLayout/FrameLayout/ViewGroup/FrameLayout/RecyclerView/CardView/ViewGroup/TextView","y":1344},{"children":[],"clickable":true,"contentDesc":"","depth":11,"height":57,"isList":false,"nodeRelateHash":-1405493393,"path":"/FrameLayout/LinearLayout/FrameLayout/LinearLayout/FrameLayout/ViewGroup/FrameLayout/RecyclerView/CardView/ViewGroup/TextView","resourceID":"com.flauschcode.broccoli:id/libraryCreator","total_view":1,"viewNodeIDRelative":0,"viewTag":"android.widget.TextView","viewText":"The Android Open Source Project","webContent":false,"width":867,"x":42,"xpath":"/FrameLayout/LinearLayout/FrameLayout/LinearLayout/FrameLayout/ViewGroup/FrameLayout/RecyclerView/CardView/ViewGroup/TextView","y":1454},{"children":[],"clickable":true,"contentDesc":"","depth":11,"height":51,"isList":false,"nodeRelateHash":-1405493393,"path":"/FrameLayout/LinearLayout/FrameLayout/LinearLayout/FrameLayout/ViewGroup/FrameLayout/RecyclerView/CardView/ViewGroup/TextView","resourceID":"com.flauschcode.broccoli:id/libraryDescription","total_view":1,"viewNodeIDRelative":0,"viewTag":"android.widget.TextView","viewText":"Kotlin extensions for 'activity' artifact","webContent":false,"width":912,"x":84,"xpath":"/FrameLayout/LinearLayout/FrameLayout/LinearLayout/FrameLayout/ViewGroup/FrameLayout/RecyclerView/CardView/ViewGroup/TextView","y":1554},{"children":[],"clickable":true,"contentDesc":"","depth":11,"height":99,"isList":false,"nodeRelateHash":-1405493393,"path":"/FrameLayout/LinearLayout/FrameLayout/LinearLayout/FrameLayout/ViewGroup/FrameLayout/RecyclerView/CardView/ViewGroup/TextView","resourceID":"com.flauschcode.broccoli:id/libraryLicense","total_view":1,"viewNodeIDRelative":0,"viewTag":"android.widget.TextView","viewText":"Apache License 2.0","webContent":false,"width":996,"x":42,"xpath":"/FrameLayout/LinearLayout/FrameLayout/LinearLayout/FrameLayout/ViewGroup/FrameLayout/RecyclerView/CardView/ViewGroup/TextView","y":1648}],"clickable":true,"contentDesc":"","depth":10,"height":420,"isList":true,"nodeRelateHash":-1154045140,"path":"/FrameLayout/LinearLayout/FrameLayout/LinearLayout/FrameLayout/ViewGroup/FrameLayout/RecyclerView/CardView/ViewGroup","resourceID":"com.flauschcode.broccoli:id/content","total_view":8,"viewNodeIDRelative":0,"viewTag":"android.view.ViewGroup","viewText":"","webContent":false,"width":996,"x":42,"xpath":"/FrameLayout/LinearLayout/FrameLayout/LinearLayout/FrameLayout/ViewGroup/FrameLayout/RecyclerView/CardView/ViewGroup","y":1327}],"clickable":true,"contentDesc":"","depth":9,"height":420,"isList":false,"nodeRelateHash":906095310,"path":"/FrameLayout/LinearLayout/FrameLayout/LinearLayout/FrameLayout/ViewGroup/FrameLayout/RecyclerView/CardView","resourceID":"","total_view":9,"viewNodeIDRelative":0,"viewTag":"androidx.cardview.widget.CardView","viewText":"","webContent":false,"width":996,"x":42,"xpath":"/FrameLayout/LinearLayout/FrameLayout/LinearLayout/FrameLayout/ViewGroup/FrameLayout/RecyclerView/CardView","y":1327},{"children":[{"children":[{"children":[],"clickable":true,"contentDesc":"","depth":11,"height":127,"isList":false,"nodeRelateHash":-1405493393,"path":"/FrameLayout/LinearLayout/FrameLayout/LinearLayout/FrameLayout/ViewGroup/FrameLayout/RecyclerView/CardView/ViewGroup/TextView","resourceID":"com.flauschcode.broccoli:id/libraryName","total_view":1,"viewNodeIDRelative":0,"viewTag":"android.widget.TextView","viewText":"Android App Startup Runtime","webContent":false,"width":867,"x":42,"xpath":"/FrameLayout/LinearLayout/FrameLayout/LinearLayout/FrameLayout/ViewGroup/FrameLayout/RecyclerView/CardView/ViewGroup/TextView","y":1789},{"children":[],"clickable":true,"contentDesc":"","depth":11,"height":93,"isList":false,"nodeRelateHash":-1405493393,"path":"/FrameLayout/LinearLayout/FrameLayout/LinearLayout/FrameLayout/ViewGroup/FrameLayout/RecyclerView/CardView/ViewGroup/TextView","resourceID":"com.flauschcode.broccoli:id/libraryVersion","total_view":1,"viewNodeIDRelative":0,"viewTag":"android.widget.TextView","viewText":"1.1.1","webContent":false,"width":129,"x":909,"xpath":"/FrameLayout/LinearLayout/FrameLayout/LinearLayout/FrameLayout/ViewGroup/FrameLayout/RecyclerView/CardView/ViewGroup/TextView","y":1806},{"children":[],"clickable":true,"contentDesc":"","depth":11,"height":4,"isList":false,"nodeRelateHash":-1405493393,"path":"/FrameLayout/LinearLayout/FrameLayout/LinearLayout/FrameLayout/ViewGroup/FrameLayout/RecyclerView/CardView/ViewGroup/TextView","resourceID":"com.flauschcode.broccoli:id/libraryCreator","total_view":1,"viewNodeIDRelative":0,"viewTag":"android.widget.TextView","viewText":"The Android Open Source Project","webContent":false,"width":867,"x":42,"xpath":"/FrameLayout/LinearLayout/FrameLayout/LinearLayout/FrameLayout/ViewGroup/FrameLayout/RecyclerView/CardView/ViewGroup/TextView","y":1916}],"clickable":true,"contentDesc":"","depth":10,"height":131,"isList":false,"nodeRelateHash":1538344265,"path":"/FrameLayout/LinearLayout/FrameLayout/LinearLayout/FrameLayout/ViewGroup/FrameLayout/RecyclerView/CardView/ViewGroup","resourceID":"com.flauschcode.broccoli:id/content","total_view":4,"viewNodeIDRelative":0,"viewTag":"android.view.ViewGroup","viewText":"","webContent":false,"width":996,"x":42,"xpath":"/FrameLayout/LinearLayout/FrameLayout/LinearLayout/FrameLayout/ViewGroup/FrameLayout/RecyclerView/CardView/ViewGroup","y":1789}],"clickable":true,"contentDesc":"","depth":9,"height":131,"isList":false,"nodeRelateHash":907497569,"path":"/FrameLayout/LinearLayout/FrameLayout/LinearLayout/FrameLayout/ViewGroup/FrameLayout/RecyclerView/CardView","resourceID":"","total_view":5,"viewNodeIDRelative":0,"viewTag":"androidx.cardview.widget.CardView","viewText":"","webContent":false,"width":996,"x":42,"xpath":"/FrameLayout/LinearLayout/FrameLayout/LinearLayout/FrameLayout/ViewGroup/FrameLayout/RecyclerView/CardView","y":1789}],"clickable":true,"contentDesc":"","depth":8,"height":1710,"isList":true,"nodeRelateHash":-685635112,"path":"/FrameLayout/LinearLayout/FrameLayout/LinearLayout/FrameLayout/ViewGroup/FrameLayout/RecyclerView","resourceID":"com.flauschcode.broccoli:id/cardListView","total_view":33,"viewNodeIDRelative":0,"viewTag":"androidx.recyclerview.widget.RecyclerView","viewText":"","webContent":false,"width":1080,"x":0,"xpath":"/FrameLayout/LinearLayout/FrameLayout/LinearLayout/FrameLayout/ViewGroup/FrameLayout/RecyclerView","y":210}],"clickable":true,"contentDesc":"","depth":7,"height":1710,"isList":false,"nodeRelateHash":-591539238,"path":"/FrameLayout/LinearLayout/FrameLayout/LinearLayout/FrameLayout/ViewGroup/FrameLayout","resourceID":"com.flauschcode.broccoli:id/frame_container","total_view":34,"viewNodeIDRelative":0,"viewTag":"android.widget.FrameLayout","viewText":"","webContent":false,"width":1080,"x":0,"xpath":"/FrameLayout/LinearLayout/FrameLayout/LinearLayout/FrameLayout/ViewGroup/FrameLayout","y":210}],"clickable":true,"contentDesc":"","depth":6,"height":1857,"isList":false,"nodeRelateHash":1063991291,"path":"/FrameLayout/LinearLayout/FrameLayout/LinearLayout/FrameLayout/ViewGroup","resourceID":"","total_view":37,"viewNodeIDRelative":0,"viewTag":"android.view.ViewGroup","viewText":"","webContent":false,"width":1080,"x":0,"xpath":"/FrameLayout/LinearLayout/FrameLayout/LinearLayout/FrameLayout/ViewGroup","y":63}],"clickable":true,"contentDesc":"","depth":5,"height":1857,"isList":false,"nodeRelateHash":-698215763,"path":"/FrameLayout/LinearLayout/FrameLayout/LinearLayout/FrameLayout","resourceID":"android:id/content","total_view":38,"viewNodeIDRelative":0,"viewTag":"android.widget.FrameLayout","viewText":"","webContent":false,"width":1080,"x":0,"xpath":"/FrameLayout/LinearLayout/FrameLayout/LinearLayout/FrameLayout","y":63}],"clickable":true,"contentDesc":"","depth":4,"height":1857,"isList":false,"nodeRelateHash":-1262074141,"path":"/FrameLayout/LinearLayout/FrameLayout/LinearLayout","resourceID":"com.flauschcode.broccoli:id/action_bar_root","total_view":39,"viewNodeIDRelative":0,"viewTag":"android.widget.LinearLayout","viewText":"","webContent":false,"width":1080,"x":0,"xpath":"/FrameLayout/LinearLayout/FrameLayout/LinearLayout","y":63}],"clickable":true,"contentDesc":"","depth":3,"height":1857,"isList":false,"nodeRelateHash":-327973675,"path":"/FrameLayout/LinearLayout/FrameLayout","resourceID":"","total_view":40,"viewNodeIDRelative":0,"viewTag":"android.widget.FrameLayout","viewText":"","webContent":false,"width":1080,"x":0,"xpath":"/FrameLayout/LinearLayout/FrameLayout","y":63}],"clickable":true,"contentDesc":"","depth":2,"height":1920,"isList":false,"nodeRelateHash":-832132091,"path":"/FrameLayout/LinearLayout","resourceID":"","total_view":41,"viewNodeIDRelative":0,"viewTag":"android.widget.LinearLayout","viewText":"","webContent":false,"width":1080,"x":0,"xpath":"/FrameLayout/LinearLayout","y":0}],"clickable":true,"contentDesc":"","depth":1,"height":1920,"isList":false,"nodeRelateHash":-649571274,"path":"/FrameLayout","resourceID":"","total_view":42,"viewNodeIDRelative":0,"viewTag":"android.widget.FrameLayout","viewText":"","webContent":false,"width":1080,"x":0,"xpath":"/FrameLayout","y":0}],"clickable":false,"depth":0,"height":0,"isList":false,"nodeRelateHash":1978108366,"path":"","total_view":42,"viewNodeIDRelative":0,"webContent":false,"width":0,"x":0,"xpath":"","y":0},"totalViewCount":42,"treeStructureHash":1978108366}