{"Deeplink":"","activityName":"MainActivity","clickable_list":["/FrameLayout/LinearLayout/FrameLayout/LinearLayout/FrameLayout/DrawerLayout/ViewGroup/LinearLayout/ViewGroup/ImageButton","/FrameLayout/LinearLayout/FrameLayout/LinearLayout/FrameLayout/DrawerLayout/ViewGroup/LinearLayout/ViewGroup/TextView","/FrameLayout/LinearLayout/FrameLayout/LinearLayout/FrameLayout/DrawerLayout/FrameLayout/RecyclerView/LinearLayoutCompat/CheckedTextView","/FrameLayout/LinearLayout/FrameLayout/LinearLayout/FrameLayout/DrawerLayout/FrameLayout/RecyclerView/FrameLayout/View","/FrameLayout/LinearLayout/FrameLayout/LinearLayout/FrameLayout/DrawerLayout/FrameLayout/RecyclerView/LinearLayout/LinearLayout/ImageView","/FrameLayout/LinearLayout/FrameLayout/LinearLayout/FrameLayout/DrawerLayout/FrameLayout/RecyclerView/LinearLayout/LinearLayout/TextView","/FrameLayout/LinearLayout/FrameLayout/LinearLayout/FrameLayout/DrawerLayout/ViewGroup/ViewGroup/FrameLayout/LinearLayout/ViewGroup/Button","/FrameLayout/LinearLayout/FrameLayout/LinearLayout/FrameLayout/DrawerLayout/ViewGroup/ViewGroup/FrameLayout/LinearLayout/ViewGroup/TextView"],"deeplink":"","hasWebview":false,"relativeCount":0,"root":{"children":[{"children":[{"children":[{"children":[{"children":[{"children":[{"children":[{"children":[{"children":[{"children":[{"children":[],"clickable":true,"contentDesc":"Open navigation drawer","depth":10,"height":147,"isList":false,"nodeRelateHash":-1405821095,"path":"/FrameLayout/LinearLayout/FrameLayout/LinearLayout/FrameLayout/DrawerLayout/ViewGroup/LinearLayout/ViewGroup/ImageButton","resourceID":"","total_view":1,"viewNodeIDRelative":0,"viewTag":"android.widget.ImageButton","viewText":"","webContent":false,"width":147,"x":0,"xpath":"/FrameLayout/LinearLayout/FrameLayout/LinearLayout/FrameLayout/DrawerLayout/ViewGroup/LinearLayout/ViewGroup/ImageButton","y":63},{"children":[],"clickable":true,"contentDesc":"","depth":10,"height":71,"isList":false,"nodeRelateHash":-1405493394,"path":"/FrameLayout/LinearLayout/FrameLayout/LinearLayout/FrameLayout/DrawerLayout/ViewGroup/LinearLayout/ViewGroup/TextView","resourceID":"","total_view":1,"viewNodeIDRelative":0,"viewTag":"android.widget.TextView","viewText":"Seasonal calendar","webContent":false,"width":451,"x":189,"xpath":"/FrameLayout/LinearLayout/FrameLayout/LinearLayout/FrameLayout/DrawerLayout/ViewGroup/LinearLayout/ViewGroup/TextView","y":101}],"clickable":true,"contentDesc":"","depth":9,"height":147,"isList":false,"nodeRelateHash":-227641288,"path":"/FrameLayout/LinearLayout/FrameLayout/LinearLayout/FrameLayout/DrawerLayout/ViewGroup/LinearLayout/ViewGroup","resourceID":"com.flauschcode.broccoli:id/toolbar","total_view":3,"viewNodeIDRelative":0,"viewTag":"android.view.ViewGroup","viewText":"","webContent":false,"width":1080,"x":0,"xpath":"/FrameLayout/LinearLayout/FrameLayout/LinearLayout/FrameLayout/DrawerLayout/ViewGroup/LinearLayout/ViewGroup","y":63}],"clickable":true,"contentDesc":"","depth":8,"height":147,"isList":false,"nodeRelateHash":-1305172598,"path":"/FrameLayout/LinearLayout/FrameLayout/LinearLayout/FrameLayout/DrawerLayout/ViewGroup/LinearLayout","resourceID":"","total_view":4,"viewNodeIDRelative":0,"viewTag":"android.widget.LinearLayout","viewText":"","webContent":false,"width":1080,"x":0,"xpath":"/FrameLayout/LinearLayout/FrameLayout/LinearLayout/FrameLayout/DrawerLayout/ViewGroup/LinearLayout","y":63},{"children":[{"children":[{"children":[{"children":[{"children":[],"clickable":true,"contentDesc":"","depth":12,"height":177,"isList":false,"nodeRelateHash":-1406029630,"path":"/FrameLayout/LinearLayout/FrameLayout/LinearLayout/FrameLayout/DrawerLayout/ViewGroup/ViewGroup/FrameLayout/LinearLayout/ViewGroup/Button","resourceID":"com.flauschcode.broccoli:id/seasons_configure","total_view":1,"viewNodeIDRelative":0,"viewTag":"android.widget.Button","viewText":"","webContent":false,"width":396,"x":342,"xpath":"/FrameLayout/LinearLayout/FrameLayout/LinearLayout/FrameLayout/DrawerLayout/ViewGroup/ViewGroup/FrameLayout/LinearLayout/ViewGroup/Button","y":1113},{"children":[],"clickable":true,"contentDesc":"","depth":12,"height":230,"isList":false,"nodeRelateHash":-1405493392,"path":"/FrameLayout/LinearLayout/FrameLayout/LinearLayout/FrameLayout/DrawerLayout/ViewGroup/ViewGroup/FrameLayout/LinearLayout/ViewGroup/TextView","resourceID":"com.flauschcode.broccoli:id/seasons_message","total_view":1,"viewNodeIDRelative":0,"viewTag":"android.widget.TextView","viewText":"The seasonal calendar has not been fully configured yet.","webContent":false,"width":1080,"x":0,"xpath":"/FrameLayout/LinearLayout/FrameLayout/LinearLayout/FrameLayout/DrawerLayout/ViewGroup/ViewGroup/FrameLayout/LinearLayout/ViewGroup/TextView","y":841}],"clickable":true,"contentDesc":"","depth":11,"height":1710,"isList":false,"nodeRelateHash":-1197344915,"path":"/FrameLayout/LinearLayout/FrameLayout/LinearLayout/FrameLayout/DrawerLayout/ViewGroup/ViewGroup/FrameLayout/LinearLayout/ViewGroup","resourceID":"com.flauschcode.broccoli:id/seasons_not_configured_layout","total_view":3,"viewNodeIDRelative":0,"viewTag":"android.view.ViewGroup","viewText":"","webContent":false,"width":1080,"x":0,"xpath":"/FrameLayout/LinearLayout/FrameLayout/LinearLayout/FrameLayout/DrawerLayout/ViewGroup/ViewGroup/FrameLayout/LinearLayout/ViewGroup","y":210}],"clickable":true,"contentDesc":"","depth":10,"height":1710,"isList":false,"nodeRelateHash":211809727,"path":"/FrameLayout/LinearLayout/FrameLayout/LinearLayout/FrameLayout/DrawerLayout/ViewGroup/ViewGroup/FrameLayout/LinearLayout","resourceID":"","total_view":4,"viewNodeIDRelative":0,"viewTag":"android.widget.LinearLayout","viewText":"","webContent":false,"width":1080,"x":0,"xpath":"/FrameLayout/LinearLayout/FrameLayout/LinearLayout/FrameLayout/DrawerLayout/ViewGroup/ViewGroup/FrameLayout/LinearLayout","y":210}],"clickable":true,"contentDesc":"","depth":9,"height":1710,"isList":false,"nodeRelateHash":2028561457,"path":"/FrameLayout/LinearLayout/FrameLayout/LinearLayout/FrameLayout/DrawerLayout/ViewGroup/ViewGroup/FrameLayout","resourceID":"com.flauschcode.broccoli:id/nav_host_fragment","total_view":5,"viewNodeIDRelative":0,"viewTag":"android.widget.FrameLayout","viewText":"","webContent":false,"width":1080,"x":0,"xpath":"/FrameLayout/LinearLayout/FrameLayout/LinearLayout/FrameLayout/DrawerLayout/ViewGroup/ViewGroup/FrameLayout","y":210}],"clickable":true,"contentDesc":"","depth":8,"height":1710,"isList":false,"nodeRelateHash":-240579242,"path":"/FrameLayout/LinearLayout/FrameLayout/LinearLayout/FrameLayout/DrawerLayout/ViewGroup/ViewGroup","resourceID":"","total_view":6,"viewNodeIDRelative":0,"viewTag":"android.view.ViewGroup","viewText":"","webContent":false,"width":1080,"x":0,"xpath":"/FrameLayout/LinearLayout/FrameLayout/LinearLayout/FrameLayout/DrawerLayout/ViewGroup/ViewGroup","y":210}],"clickable":true,"contentDesc":"","depth":7,"height":1857,"isList":false,"nodeRelateHash":-624929045,"path":"/FrameLayout/LinearLayout/FrameLayout/LinearLayout/FrameLayout/DrawerLayout/ViewGroup","resourceID":"","total_view":11,"viewNodeIDRelative":0,"viewTag":"android.view.ViewGroup","viewText":"","webContent":false,"width":1080,"x":0,"xpath":"/FrameLayout/LinearLayout/FrameLayout/LinearLayout/FrameLayout/DrawerLayout/ViewGroup","y":63},{"children":[{"children":[{"children":[{"children":[],"clickable":true,"contentDesc":"","depth":10,"height":126,"isList":false,"nodeRelateHash":-1405999841,"path":"/FrameLayout/LinearLayout/FrameLayout/LinearLayout/FrameLayout/DrawerLayout/FrameLayout/RecyclerView/LinearLayoutCompat/CheckedTextView","resourceID":"com.flauschcode.broccoli:id/design_menu_item_text","total_view":1,"viewNodeIDRelative":0,"viewTag":"android.widget.CheckedTextView","viewText":"Recipes","webContent":false,"width":619,"x":58,"xpath":"/FrameLayout/LinearLayout/FrameLayout/LinearLayout/FrameLayout/DrawerLayout/FrameLayout/RecyclerView/LinearLayoutCompat/CheckedTextView","y":483}],"clickable":true,"contentDesc":"","depth":9,"height":126,"isList":false,"nodeRelateHash":1570499696,"path":"/FrameLayout/LinearLayout/FrameLayout/LinearLayout/FrameLayout/DrawerLayout/FrameLayout/RecyclerView/LinearLayoutCompat","resourceID":"com.flauschcode.broccoli:id/nav_recipes","total_view":2,"viewNodeIDRelative":0,"viewTag":"androidx.appcompat.widget.LinearLayoutCompat","viewText":"","webContent":false,"width":735,"x":0,"xpath":"/FrameLayout/LinearLayout/FrameLayout/LinearLayout/FrameLayout/DrawerLayout/FrameLayout/RecyclerView/LinearLayoutCompat","y":483},{"children":[{"children":[],"clickable":true,"contentDesc":"","depth":10,"height":126,"isList":false,"nodeRelateHash":-1405999841,"path":"/FrameLayout/LinearLayout/FrameLayout/LinearLayout/FrameLayout/DrawerLayout/FrameLayout/RecyclerView/LinearLayoutCompat/CheckedTextView","resourceID":"com.flauschcode.broccoli:id/design_menu_item_text","total_view":1,"viewNodeIDRelative":0,"viewTag":"android.widget.CheckedTextView","viewText":"Categories","webContent":false,"width":619,"x":58,"xpath":"/FrameLayout/LinearLayout/FrameLayout/LinearLayout/FrameLayout/DrawerLayout/FrameLayout/RecyclerView/LinearLayoutCompat/CheckedTextView","y":609}],"clickable":true,"contentDesc":"","depth":9,"height":126,"isList":false,"nodeRelateHash":1570499696,"path":"/FrameLayout/LinearLayout/FrameLayout/LinearLayout/FrameLayout/DrawerLayout/FrameLayout/RecyclerView/LinearLayoutCompat","resourceID":"com.flauschcode.broccoli:id/nav_categories","total_view":2,"viewNodeIDRelative":0,"viewTag":"androidx.appcompat.widget.LinearLayoutCompat","viewText":"","webContent":false,"width":735,"x":0,"xpath":"/FrameLayout/LinearLayout/FrameLayout/LinearLayout/FrameLayout/DrawerLayout/FrameLayout/RecyclerView/LinearLayoutCompat","y":609},{"children":[{"children":[],"clickable":true,"contentDesc":"","depth":10,"height":126,"isList":false,"nodeRelateHash":-1405999841,"path":"/FrameLayout/LinearLayout/FrameLayout/LinearLayout/FrameLayout/DrawerLayout/FrameLayout/RecyclerView/LinearLayoutCompat/CheckedTextView","resourceID":"com.flauschcode.broccoli:id/design_menu_item_text","total_view":1,"viewNodeIDRelative":0,"viewTag":"android.widget.CheckedTextView","viewText":"Seasonal calendar","webContent":false,"width":619,"x":58,"xpath":"/FrameLayout/LinearLayout/FrameLayout/LinearLayout/FrameLayout/DrawerLayout/FrameLayout/RecyclerView/LinearLayoutCompat/CheckedTextView","y":735}],"clickable":true,"contentDesc":"","depth":9,"height":126,"isList":false,"nodeRelateHash":1570499696,"path":"/FrameLayout/LinearLayout/FrameLayout/LinearLayout/FrameLayout/DrawerLayout/FrameLayout/RecyclerView/LinearLayoutCompat","resourceID":"com.flauschcode.broccoli:id/nav_seasons","total_view":2,"viewNodeIDRelative":0,"viewTag":"androidx.appcompat.widget.LinearLayoutCompat","viewText":"","webContent":false,"width":735,"x":0,"xpath":"/FrameLayout/LinearLayout/FrameLayout/LinearLayout/FrameLayout/DrawerLayout/FrameLayout/RecyclerView/LinearLayoutCompat","y":735},{"children":[{"children":[],"clickable":true,"contentDesc":"","depth":10,"height":126,"isList":false,"nodeRelateHash":-1405999841,"path":"/FrameLayout/LinearLayout/FrameLayout/LinearLayout/FrameLayout/DrawerLayout/FrameLayout/RecyclerView/LinearLayoutCompat/CheckedTextView","resourceID":"com.flauschcode.broccoli:id/design_menu_item_text","total_view":1,"viewNodeIDRelative":0,"viewTag":"android.widget.CheckedTextView","viewText":"Support the app","webContent":false,"width":619,"x":58,"xpath":"/FrameLayout/LinearLayout/FrameLayout/LinearLayout/FrameLayout/DrawerLayout/FrameLayout/RecyclerView/LinearLayoutCompat/CheckedTextView","y":906}],"clickable":true,"contentDesc":"","depth":9,"height":126,"isList":false,"nodeRelateHash":1570499696,"path":"/FrameLayout/LinearLayout/FrameLayout/LinearLayout/FrameLayout/DrawerLayout/FrameLayout/RecyclerView/LinearLayoutCompat","resourceID":"com.flauschcode.broccoli:id/nav_support","total_view":2,"viewNodeIDRelative":0,"viewTag":"androidx.appcompat.widget.LinearLayoutCompat","viewText":"","webContent":false,"width":735,"x":0,"xpath":"/FrameLayout/LinearLayout/FrameLayout/LinearLayout/FrameLayout/DrawerLayout/FrameLayout/RecyclerView/LinearLayoutCompat","y":906},{"children":[{"children":[],"clickable":true,"contentDesc":"","depth":10,"height":126,"isList":false,"nodeRelateHash":-1405999841,"path":"/FrameLayout/LinearLayout/FrameLayout/LinearLayout/FrameLayout/DrawerLayout/FrameLayout/RecyclerView/LinearLayoutCompat/CheckedTextView","resourceID":"com.flauschcode.broccoli:id/design_menu_item_text","total_view":1,"viewNodeIDRelative":0,"viewTag":"android.widget.CheckedTextView","viewText":"Backup and restore","webContent":false,"width":619,"x":58,"xpath":"/FrameLayout/LinearLayout/FrameLayout/LinearLayout/FrameLayout/DrawerLayout/FrameLayout/RecyclerView/LinearLayoutCompat/CheckedTextView","y":1077}],"clickable":true,"contentDesc":"","depth":9,"height":126,"isList":false,"nodeRelateHash":1570499696,"path":"/FrameLayout/LinearLayout/FrameLayout/LinearLayout/FrameLayout/DrawerLayout/FrameLayout/RecyclerView/LinearLayoutCompat","resourceID":"com.flauschcode.broccoli:id/nav_backup_and_restore","total_view":2,"viewNodeIDRelative":0,"viewTag":"androidx.appcompat.widget.LinearLayoutCompat","viewText":"","webContent":false,"width":735,"x":0,"xpath":"/FrameLayout/LinearLayout/FrameLayout/LinearLayout/FrameLayout/DrawerLayout/FrameLayout/RecyclerView/LinearLayoutCompat","y":1077},{"children":[{"children":[],"clickable":true,"contentDesc":"","depth":10,"height":126,"isList":false,"nodeRelateHash":-1405999841,"path":"/FrameLayout/LinearLayout/FrameLayout/LinearLayout/FrameLayout/DrawerLayout/FrameLayout/RecyclerView/LinearLayoutCompat/CheckedTextView","resourceID":"com.flauschcode.broccoli:id/design_menu_item_text","total_view":1,"viewNodeIDRelative":0,"viewTag":"android.widget.CheckedTextView","viewText":"Settings","webContent":false,"width":619,"x":58,"xpath":"/FrameLayout/LinearLayout/FrameLayout/LinearLayout/FrameLayout/DrawerLayout/FrameLayout/RecyclerView/LinearLayoutCompat/CheckedTextView","y":1203}],"clickable":true,"contentDesc":"","depth":9,"height":126,"isList":false,"nodeRelateHash":1570499696,"path":"/FrameLayout/LinearLayout/FrameLayout/LinearLayout/FrameLayout/DrawerLayout/FrameLayout/RecyclerView/LinearLayoutCompat","resourceID":"com.flauschcode.broccoli:id/nav_settings","total_view":2,"viewNodeIDRelative":0,"viewTag":"androidx.appcompat.widget.LinearLayoutCompat","viewText":"","webContent":false,"width":735,"x":0,"xpath":"/FrameLayout/LinearLayout/FrameLayout/LinearLayout/FrameLayout/DrawerLayout/FrameLayout/RecyclerView/LinearLayoutCompat","y":1203},{"children":[{"children":[],"clickable":true,"contentDesc":"","depth":10,"height":126,"isList":false,"nodeRelateHash":-1405999841,"path":"/FrameLayout/LinearLayout/FrameLayout/LinearLayout/FrameLayout/DrawerLayout/FrameLayout/RecyclerView/LinearLayoutCompat/CheckedTextView","resourceID":"com.flauschcode.broccoli:id/design_menu_item_text","total_view":1,"viewNodeIDRelative":0,"viewTag":"android.widget.CheckedTextView","viewText":"About the app","webContent":false,"width":619,"x":58,"xpath":"/FrameLayout/LinearLayout/FrameLayout/LinearLayout/FrameLayout/DrawerLayout/FrameLayout/RecyclerView/LinearLayoutCompat/CheckedTextView","y":1329}],"clickable":true,"contentDesc":"","depth":9,"height":126,"isList":false,"nodeRelateHash":1570499696,"path":"/FrameLayout/LinearLayout/FrameLayout/LinearLayout/FrameLayout/DrawerLayout/FrameLayout/RecyclerView/LinearLayoutCompat","resourceID":"com.flauschcode.broccoli:id/nav_about","total_view":2,"viewNodeIDRelative":0,"viewTag":"androidx.appcompat.widget.LinearLayoutCompat","viewText":"","webContent":false,"width":735,"x":0,"xpath":"/FrameLayout/LinearLayout/FrameLayout/LinearLayout/FrameLayout/DrawerLayout/FrameLayout/RecyclerView/LinearLayoutCompat","y":1329},{"children":[{"children":[],"clickable":true,"contentDesc":"","depth":10,"height":3,"isList":false,"nodeRelateHash":-1406357333,"path":"/FrameLayout/LinearLayout/FrameLayout/LinearLayout/FrameLayout/DrawerLayout/FrameLayout/RecyclerView/FrameLayout/View","resourceID":"","total_view":1,"viewNodeIDRelative":0,"viewTag":"android.view.View","viewText":"","webContent":false,"width":735,"x":0,"xpath":"/FrameLayout/LinearLayout/FrameLayout/LinearLayout/FrameLayout/DrawerLayout/FrameLayout/RecyclerView/FrameLayout/View","y":882}],"clickable":true,"contentDesc":"","depth":9,"height":45,"isList":false,"nodeRelateHash":-1401167304,"path":"/FrameLayout/LinearLayout/FrameLayout/LinearLayout/FrameLayout/DrawerLayout/FrameLayout/RecyclerView/FrameLayout","resourceID":"","total_view":2,"viewNodeIDRelative":0,"viewTag":"android.widget.FrameLayout","viewText":"","webContent":false,"width":735,"x":0,"xpath":"/FrameLayout/LinearLayout/FrameLayout/LinearLayout/FrameLayout/DrawerLayout/FrameLayout/RecyclerView/FrameLayout","y":861},{"children":[{"children":[],"clickable":true,"contentDesc":"","depth":10,"height":3,"isList":false,"nodeRelateHash":-1406357333,"path":"/FrameLayout/LinearLayout/FrameLayout/LinearLayout/FrameLayout/DrawerLayout/FrameLayout/RecyclerView/FrameLayout/View","resourceID":"","total_view":1,"viewNodeIDRelative":0,"viewTag":"android.view.View","viewText":"","webContent":false,"width":735,"x":0,"xpath":"/FrameLayout/LinearLayout/FrameLayout/LinearLayout/FrameLayout/DrawerLayout/FrameLayout/RecyclerView/FrameLayout/View","y":1053}],"clickable":true,"contentDesc":"","depth":9,"height":45,"isList":false,"nodeRelateHash":-1401167304,"path":"/FrameLayout/LinearLayout/FrameLayout/LinearLayout/FrameLayout/DrawerLayout/FrameLayout/RecyclerView/FrameLayout","resourceID":"","total_view":2,"viewNodeIDRelative":0,"viewTag":"android.widget.FrameLayout","viewText":"","webContent":false,"width":735,"x":0,"xpath":"/FrameLayout/LinearLayout/FrameLayout/LinearLayout/FrameLayout/DrawerLayout/FrameLayout/RecyclerView/FrameLayout","y":1032},{"children":[{"children":[{"children":[],"clickable":true,"contentDesc":"","depth":11,"height":158,"isList":false,"nodeRelateHash":-1405821094,"path":"/FrameLayout/LinearLayout/FrameLayout/LinearLayout/FrameLayout/DrawerLayout/FrameLayout/RecyclerView/LinearLayout/LinearLayout/ImageView","resourceID":"","total_view":1,"viewNodeIDRelative":0,"viewTag":"android.widget.ImageView","viewText":"","webContent":false,"width":158,"x":42,"xpath":"/FrameLayout/LinearLayout/FrameLayout/LinearLayout/FrameLayout/DrawerLayout/FrameLayout/RecyclerView/LinearLayout/LinearLayout/ImageView","y":139},{"children":[],"clickable":true,"contentDesc":"","depth":11,"height":72,"isList":false,"nodeRelateHash":-1405493393,"path":"/FrameLayout/LinearLayout/FrameLayout/LinearLayout/FrameLayout/DrawerLayout/FrameLayout/RecyclerView/LinearLayout/LinearLayout/TextView","resourceID":"","total_view":1,"viewNodeIDRelative":0,"viewTag":"android.widget.TextView","viewText":"Broccoli","webContent":false,"width":651,"x":42,"xpath":"/FrameLayout/LinearLayout/FrameLayout/LinearLayout/FrameLayout/DrawerLayout/FrameLayout/RecyclerView/LinearLayout/LinearLayout/TextView","y":297},{"children":[],"clickable":true,"contentDesc":"","depth":11,"height":51,"isList":false,"nodeRelateHash":-1405493393,"path":"/FrameLayout/LinearLayout/FrameLayout/LinearLayout/FrameLayout/DrawerLayout/FrameLayout/RecyclerView/LinearLayout/LinearLayout/TextView","resourceID":"com.flauschcode.broccoli:id/header_subtitle","total_view":1,"viewNodeIDRelative":0,"viewTag":"android.widget.TextView","viewText":"Free for everyone","webContent":false,"width":287,"x":42,"xpath":"/FrameLayout/LinearLayout/FrameLayout/LinearLayout/FrameLayout/DrawerLayout/FrameLayout/RecyclerView/LinearLayout/LinearLayout/TextView","y":369}],"clickable":true,"contentDesc":"","depth":10,"height":462,"isList":false,"nodeRelateHash":-238293407,"path":"/FrameLayout/LinearLayout/FrameLayout/LinearLayout/FrameLayout/DrawerLayout/FrameLayout/RecyclerView/LinearLayout/LinearLayout","resourceID":"","total_view":4,"viewNodeIDRelative":0,"viewTag":"android.widget.LinearLayout","viewText":"","webContent":false,"width":735,"x":0,"xpath":"/FrameLayout/LinearLayout/FrameLayout/LinearLayout/FrameLayout/DrawerLayout/FrameLayout/RecyclerView/LinearLayout/LinearLayout","y":0}],"clickable":true,"contentDesc":"","depth":9,"height":483,"isList":false,"nodeRelateHash":-581647685,"path":"/FrameLayout/LinearLayout/FrameLayout/LinearLayout/FrameLayout/DrawerLayout/FrameLayout/RecyclerView/LinearLayout","resourceID":"com.flauschcode.broccoli:id/navigation_header_container","total_view":5,"viewNodeIDRelative":0,"viewTag":"android.widget.LinearLayout","viewText":"","webContent":false,"width":735,"x":0,"xpath":"/FrameLayout/LinearLayout/FrameLayout/LinearLayout/FrameLayout/DrawerLayout/FrameLayout/RecyclerView/LinearLayout","y":0}],"clickable":true,"contentDesc":"","depth":8,"height":1920,"isList":true,"nodeRelateHash":-1886238178,"path":"/FrameLayout/LinearLayout/FrameLayout/LinearLayout/FrameLayout/DrawerLayout/FrameLayout/RecyclerView","resourceID":"com.flauschcode.broccoli:id/design_navigation_view","total_view":24,"viewNodeIDRelative":0,"viewTag":"androidx.recyclerview.widget.RecyclerView","viewText":"","webContent":false,"width":735,"x":0,"xpath":"/FrameLayout/LinearLayout/FrameLayout/LinearLayout/FrameLayout/DrawerLayout/FrameLayout/RecyclerView","y":0}],"clickable":true,"contentDesc":"","depth":7,"height":1920,"isList":false,"nodeRelateHash":727916595,"path":"/FrameLayout/LinearLayout/FrameLayout/LinearLayout/FrameLayout/DrawerLayout/FrameLayout","resourceID":"com.flauschcode.broccoli:id/nav_view","total_view":25,"viewNodeIDRelative":0,"viewTag":"android.widget.FrameLayout","viewText":"","webContent":false,"width":735,"x":0,"xpath":"/FrameLayout/LinearLayout/FrameLayout/LinearLayout/FrameLayout/DrawerLayout/FrameLayout","y":0}],"clickable":true,"contentDesc":"","depth":6,"height":1920,"isList":false,"nodeRelateHash":1720721466,"path":"/FrameLayout/LinearLayout/FrameLayout/LinearLayout/FrameLayout/DrawerLayout","resourceID":"com.flauschcode.broccoli:id/drawer_layout","total_view":37,"viewNodeIDRelative":0,"viewTag":"androidx.drawerlayout.widget.DrawerLayout","viewText":"","webContent":false,"width":1080,"x":0,"xpath":"/FrameLayout/LinearLayout/FrameLayout/LinearLayout/FrameLayout/DrawerLayout","y":0}],"clickable":true,"contentDesc":"","depth":5,"height":1920,"isList":false,"nodeRelateHash":-1573034022,"path":"/FrameLayout/LinearLayout/FrameLayout/LinearLayout/FrameLayout","resourceID":"android:id/content","total_view":38,"viewNodeIDRelative":0,"viewTag":"android.widget.FrameLayout","viewText":"","webContent":false,"width":1080,"x":0,"xpath":"/FrameLayout/LinearLayout/FrameLayout/LinearLayout/FrameLayout","y":0}],"clickable":true,"contentDesc":"","depth":4,"height":1920,"isList":false,"nodeRelateHash":-1733019889,"path":"/FrameLayout/LinearLayout/FrameLayout/LinearLayout","resourceID":"com.flauschcode.broccoli:id/action_bar_root","total_view":39,"viewNodeIDRelative":0,"viewTag":"android.widget.LinearLayout","viewText":"","webContent":false,"width":1080,"x":0,"xpath":"/FrameLayout/LinearLayout/FrameLayout/LinearLayout","y":0}],"clickable":true,"contentDesc":"","depth":3,"height":1920,"isList":false,"nodeRelateHash":-826656738,"path":"/FrameLayout/LinearLayout/FrameLayout","resourceID":"","total_view":40,"viewNodeIDRelative":0,"viewTag":"android.widget.FrameLayout","viewText":"","webContent":false,"width":1080,"x":0,"xpath":"/FrameLayout/LinearLayout/FrameLayout","y":0}],"clickable":true,"contentDesc":"","depth":2,"height":1920,"isList":false,"nodeRelateHash":2040349519,"path":"/FrameLayout/LinearLayout","resourceID":"","total_view":41,"viewNodeIDRelative":0,"viewTag":"android.widget.LinearLayout","viewText":"","webContent":false,"width":1080,"x":0,"xpath":"/FrameLayout/LinearLayout","y":0}],"clickable":true,"contentDesc":"","depth":1,"height":1920,"isList":false,"nodeRelateHash":-31207085,"path":"/FrameLayout","resourceID":"","total_view":42,"viewNodeIDRelative":0,"viewTag":"android.widget.FrameLayout","viewText":"","webContent":false,"width":1080,"x":0,"xpath":"/FrameLayout","y":0}],"clickable":false,"depth":0,"height":0,"isList":false,"nodeRelateHash":973422047,"path":"","total_view":42,"viewNodeIDRelative":0,"webContent":false,"width":0,"x":0,"xpath":"","y":0},"totalViewCount":42,"treeStructureHash":973422047}