{"Deeplink":"","activityName":"MainActivity","clickable_list":["/FrameLayout/LinearLayout/FrameLayout/LinearLayout/FrameLayout/DrawerLayout/ViewGroup/LinearLayout/ViewGroup/ImageButton","/FrameLayout/LinearLayout/FrameLayout/LinearLayout/FrameLayout/DrawerLayout/ViewGroup/LinearLayout/ViewGroup/TextView","/FrameLayout/LinearLayout/FrameLayout/LinearLayout/FrameLayout/DrawerLayout/ViewGroup/ViewGroup/FrameLayout/LinearLayout/ViewGroup/Button","/FrameLayout/LinearLayout/FrameLayout/LinearLayout/FrameLayout/DrawerLayout/ViewGroup/ViewGroup/FrameLayout/LinearLayout/ViewGroup/TextView"],"deeplink":"","hasWebview":false,"relativeCount":0,"root":{"children":[{"children":[{"children":[{"children":[{"children":[{"children":[{"children":[{"children":[{"children":[{"children":[{"children":[],"clickable":true,"contentDesc":"Open navigation drawer","depth":10,"height":147,"isList":false,"nodeRelateHash":-1405821095,"path":"/FrameLayout/LinearLayout/FrameLayout/LinearLayout/FrameLayout/DrawerLayout/ViewGroup/LinearLayout/ViewGroup/ImageButton","resourceID":"","total_view":1,"viewNodeIDRelative":0,"viewTag":"android.widget.ImageButton","viewText":"","webContent":false,"width":147,"x":0,"xpath":"/FrameLayout/LinearLayout/FrameLayout/LinearLayout/FrameLayout/DrawerLayout/ViewGroup/LinearLayout/ViewGroup/ImageButton","y":63},{"children":[],"clickable":true,"contentDesc":"","depth":10,"height":71,"isList":false,"nodeRelateHash":-1405493394,"path":"/FrameLayout/LinearLayout/FrameLayout/LinearLayout/FrameLayout/DrawerLayout/ViewGroup/LinearLayout/ViewGroup/TextView","resourceID":"","total_view":1,"viewNodeIDRelative":0,"viewTag":"android.widget.TextView","viewText":"Seasonal calendar","webContent":false,"width":451,"x":189,"xpath":"/FrameLayout/LinearLayout/FrameLayout/LinearLayout/FrameLayout/DrawerLayout/ViewGroup/LinearLayout/ViewGroup/TextView","y":101}],"clickable":true,"contentDesc":"","depth":9,"height":147,"isList":false,"nodeRelateHash":-227641288,"path":"/FrameLayout/LinearLayout/FrameLayout/LinearLayout/FrameLayout/DrawerLayout/ViewGroup/LinearLayout/ViewGroup","resourceID":"com.flauschcode.broccoli:id/toolbar","total_view":3,"viewNodeIDRelative":0,"viewTag":"android.view.ViewGroup","viewText":"","webContent":false,"width":1080,"x":0,"xpath":"/FrameLayout/LinearLayout/FrameLayout/LinearLayout/FrameLayout/DrawerLayout/ViewGroup/LinearLayout/ViewGroup","y":63}],"clickable":true,"contentDesc":"","depth":8,"height":147,"isList":false,"nodeRelateHash":-1305172598,"path":"/FrameLayout/LinearLayout/FrameLayout/LinearLayout/FrameLayout/DrawerLayout/ViewGroup/LinearLayout","resourceID":"","total_view":4,"viewNodeIDRelative":0,"viewTag":"android.widget.LinearLayout","viewText":"","webContent":false,"width":1080,"x":0,"xpath":"/FrameLayout/LinearLayout/FrameLayout/LinearLayout/FrameLayout/DrawerLayout/ViewGroup/LinearLayout","y":63},{"children":[{"children":[{"children":[{"children":[{"children":[],"clickable":true,"contentDesc":"","depth":12,"height":177,"isList":false,"nodeRelateHash":-1406029630,"path":"/FrameLayout/LinearLayout/FrameLayout/LinearLayout/FrameLayout/DrawerLayout/ViewGroup/ViewGroup/FrameLayout/LinearLayout/ViewGroup/Button","resourceID":"com.flauschcode.broccoli:id/seasons_configure","total_view":1,"viewNodeIDRelative":0,"viewTag":"android.widget.Button","viewText":"","webContent":false,"width":396,"x":342,"xpath":"/FrameLayout/LinearLayout/FrameLayout/LinearLayout/FrameLayout/DrawerLayout/ViewGroup/ViewGroup/FrameLayout/LinearLayout/ViewGroup/Button","y":1113},{"children":[],"clickable":true,"contentDesc":"","depth":12,"height":230,"isList":false,"nodeRelateHash":-1405493392,"path":"/FrameLayout/LinearLayout/FrameLayout/LinearLayout/FrameLayout/DrawerLayout/ViewGroup/ViewGroup/FrameLayout/LinearLayout/ViewGroup/TextView","resourceID":"com.flauschcode.broccoli:id/seasons_message","total_view":1,"viewNodeIDRelative":0,"viewTag":"android.widget.TextView","viewText":"The seasonal calendar has not been fully configured yet.","webContent":false,"width":1080,"x":0,"xpath":"/FrameLayout/LinearLayout/FrameLayout/LinearLayout/FrameLayout/DrawerLayout/ViewGroup/ViewGroup/FrameLayout/LinearLayout/ViewGroup/TextView","y":841}],"clickable":true,"contentDesc":"","depth":11,"height":1710,"isList":false,"nodeRelateHash":-1197344915,"path":"/FrameLayout/LinearLayout/FrameLayout/LinearLayout/FrameLayout/DrawerLayout/ViewGroup/ViewGroup/FrameLayout/LinearLayout/ViewGroup","resourceID":"com.flauschcode.broccoli:id/seasons_not_configured_layout","total_view":3,"viewNodeIDRelative":0,"viewTag":"android.view.ViewGroup","viewText":"","webContent":false,"width":1080,"x":0,"xpath":"/FrameLayout/LinearLayout/FrameLayout/LinearLayout/FrameLayout/DrawerLayout/ViewGroup/ViewGroup/FrameLayout/LinearLayout/ViewGroup","y":210}],"clickable":true,"contentDesc":"","depth":10,"height":1710,"isList":false,"nodeRelateHash":211809727,"path":"/FrameLayout/LinearLayout/FrameLayout/LinearLayout/FrameLayout/DrawerLayout/ViewGroup/ViewGroup/FrameLayout/LinearLayout","resourceID":"","total_view":4,"viewNodeIDRelative":0,"viewTag":"android.widget.LinearLayout","viewText":"","webContent":false,"width":1080,"x":0,"xpath":"/FrameLayout/LinearLayout/FrameLayout/LinearLayout/FrameLayout/DrawerLayout/ViewGroup/ViewGroup/FrameLayout/LinearLayout","y":210}],"clickable":true,"contentDesc":"","depth":9,"height":1710,"isList":false,"nodeRelateHash":2028561457,"path":"/FrameLayout/LinearLayout/FrameLayout/LinearLayout/FrameLayout/DrawerLayout/ViewGroup/ViewGroup/FrameLayout","resourceID":"com.flauschcode.broccoli:id/nav_host_fragment","total_view":5,"viewNodeIDRelative":0,"viewTag":"android.widget.FrameLayout","viewText":"","webContent":false,"width":1080,"x":0,"xpath":"/FrameLayout/LinearLayout/FrameLayout/LinearLayout/FrameLayout/DrawerLayout/ViewGroup/ViewGroup/FrameLayout","y":210}],"clickable":true,"contentDesc":"","depth":8,"height":1710,"isList":false,"nodeRelateHash":-240579242,"path":"/FrameLayout/LinearLayout/FrameLayout/LinearLayout/FrameLayout/DrawerLayout/ViewGroup/ViewGroup","resourceID":"","total_view":6,"viewNodeIDRelative":0,"viewTag":"android.view.ViewGroup","viewText":"","webContent":false,"width":1080,"x":0,"xpath":"/FrameLayout/LinearLayout/FrameLayout/LinearLayout/FrameLayout/DrawerLayout/ViewGroup/ViewGroup","y":210}],"clickable":true,"contentDesc":"","depth":7,"height":1857,"isList":false,"nodeRelateHash":-624929045,"path":"/FrameLayout/LinearLayout/FrameLayout/LinearLayout/FrameLayout/DrawerLayout/ViewGroup","resourceID":"","total_view":11,"viewNodeIDRelative":0,"viewTag":"android.view.ViewGroup","viewText":"","webContent":false,"width":1080,"x":0,"xpath":"/FrameLayout/LinearLayout/FrameLayout/LinearLayout/FrameLayout/DrawerLayout/ViewGroup","y":63}],"clickable":true,"contentDesc":"","depth":6,"height":1920,"isList":false,"nodeRelateHash":1368349781,"path":"/FrameLayout/LinearLayout/FrameLayout/LinearLayout/FrameLayout/DrawerLayout","resourceID":"com.flauschcode.broccoli:id/drawer_layout","total_view":12,"viewNodeIDRelative":0,"viewTag":"androidx.drawerlayout.widget.DrawerLayout","viewText":"","webContent":false,"width":1080,"x":0,"xpath":"/FrameLayout/LinearLayout/FrameLayout/LinearLayout/FrameLayout/DrawerLayout","y":0}],"clickable":true,"contentDesc":"","depth":5,"height":1920,"isList":false,"nodeRelateHash":-1859210156,"path":"/FrameLayout/LinearLayout/FrameLayout/LinearLayout/FrameLayout","resourceID":"android:id/content","total_view":13,"viewNodeIDRelative":0,"viewTag":"android.widget.FrameLayout","viewText":"","webContent":false,"width":1080,"x":0,"xpath":"/FrameLayout/LinearLayout/FrameLayout/LinearLayout/FrameLayout","y":0}],"clickable":true,"contentDesc":"","depth":4,"height":1920,"isList":false,"nodeRelateHash":-965721412,"path":"/FrameLayout/LinearLayout/FrameLayout/LinearLayout","resourceID":"com.flauschcode.broccoli:id/action_bar_root","total_view":14,"viewNodeIDRelative":0,"viewTag":"android.widget.LinearLayout","viewText":"","webContent":false,"width":1080,"x":0,"xpath":"/FrameLayout/LinearLayout/FrameLayout/LinearLayout","y":0}],"clickable":true,"contentDesc":"","depth":3,"height":1920,"isList":false,"nodeRelateHash":2010838784,"path":"/FrameLayout/LinearLayout/FrameLayout","resourceID":"","total_view":15,"viewNodeIDRelative":0,"viewTag":"android.widget.FrameLayout","viewText":"","webContent":false,"width":1080,"x":0,"xpath":"/FrameLayout/LinearLayout/FrameLayout","y":0}],"clickable":true,"contentDesc":"","depth":2,"height":1920,"isList":false,"nodeRelateHash":-84878322,"path":"/FrameLayout/LinearLayout","resourceID":"","total_view":16,"viewNodeIDRelative":0,"viewTag":"android.widget.LinearLayout","viewText":"","webContent":false,"width":1080,"x":0,"xpath":"/FrameLayout/LinearLayout","y":0}],"clickable":true,"contentDesc":"","depth":1,"height":1920,"isList":false,"nodeRelateHash":1736752431,"path":"/FrameLayout","resourceID":"","total_view":17,"viewNodeIDRelative":0,"viewTag":"android.widget.FrameLayout","viewText":"","webContent":false,"width":1080,"x":0,"xpath":"/FrameLayout","y":0}],"clickable":false,"depth":0,"height":0,"isList":false,"nodeRelateHash":-670311353,"path":"","total_view":17,"viewNodeIDRelative":0,"webContent":false,"width":0,"x":0,"xpath":"","y":0},"totalViewCount":17,"treeStructureHash":-670311353}