{"Deeplink":"","activityName":"MainActivity","clickable_list":["/FrameLayout/LinearLayout/FrameLayout/FrameLayout/FrameLayout/LinearLayoutCompat/LinearLayout/LinearLayout/TextView","/FrameLayout/LinearLayout/FrameLayout/FrameLayout/FrameLayout/LinearLayoutCompat/ScrollView/LinearLayout/Button","/FrameLayout/LinearLayout/FrameLayout/FrameLayout/FrameLayout/LinearLayoutCompat/FrameLayout/FrameLayout/LinearLayout/LinearLayout/FrameLayout/EditText","/FrameLayout/LinearLayout/FrameLayout/FrameLayout/FrameLayout/LinearLayoutCompat/FrameLayout/FrameLayout/LinearLayout/LinearLayout/FrameLayout/LinearLayout/ImageButton"],"deeplink":"","hasWebview":false,"relativeCount":0,"root":{"children":[{"children":[{"children":[{"children":[{"children":[{"children":[{"children":[{"children":[{"children":[{"children":[{"children":[{"children":[{"children":[],"clickable":true,"contentDesc":"","depth":12,"height":147,"isList":false,"nodeRelateHash":-1405940257,"path":"/FrameLayout/LinearLayout/FrameLayout/FrameLayout/FrameLayout/LinearLayoutCompat/FrameLayout/FrameLayout/LinearLayout/LinearLayout/FrameLayout/EditText","resourceID":"com.flauschcode.broccoli:id/category_name","total_view":1,"viewNodeIDRelative":0,"viewTag":"android.widget.EditText","viewText":"","webContent":false,"width":856,"x":112,"xpath":"/FrameLayout/LinearLayout/FrameLayout/FrameLayout/FrameLayout/LinearLayoutCompat/FrameLayout/FrameLayout/LinearLayout/LinearLayout/FrameLayout/EditText","y":911},{"children":[{"children":[],"clickable":true,"contentDesc":"","depth":13,"height":126,"isList":false,"nodeRelateHash":-1405821092,"path":"/FrameLayout/LinearLayout/FrameLayout/FrameLayout/FrameLayout/LinearLayoutCompat/FrameLayout/FrameLayout/LinearLayout/LinearLayout/FrameLayout/LinearLayout/ImageButton","resourceID":"com.flauschcode.broccoli:id/text_input_start_icon","total_view":1,"viewNodeIDRelative":0,"viewTag":"android.widget.ImageButton","viewText":"","webContent":false,"width":126,"x":112,"xpath":"/FrameLayout/LinearLayout/FrameLayout/FrameLayout/FrameLayout/LinearLayoutCompat/FrameLayout/FrameLayout/LinearLayout/LinearLayout/FrameLayout/LinearLayout/ImageButton","y":921}],"clickable":true,"contentDesc":"","depth":12,"height":147,"isList":false,"nodeRelateHash":-796651185,"path":"/FrameLayout/LinearLayout/FrameLayout/FrameLayout/FrameLayout/LinearLayoutCompat/FrameLayout/FrameLayout/LinearLayout/LinearLayout/FrameLayout/LinearLayout","resourceID":"","total_view":2,"viewNodeIDRelative":0,"viewTag":"android.widget.LinearLayout","viewText":"","webContent":false,"width":137,"x":112,"xpath":"/FrameLayout/LinearLayout/FrameLayout/FrameLayout/FrameLayout/LinearLayoutCompat/FrameLayout/FrameLayout/LinearLayout/LinearLayout/FrameLayout/LinearLayout","y":911}],"clickable":true,"contentDesc":"","depth":11,"height":147,"isList":false,"nodeRelateHash":1290280282,"path":"/FrameLayout/LinearLayout/FrameLayout/FrameLayout/FrameLayout/LinearLayoutCompat/FrameLayout/FrameLayout/LinearLayout/LinearLayout/FrameLayout","resourceID":"","total_view":4,"viewNodeIDRelative":0,"viewTag":"android.widget.FrameLayout","viewText":"","webContent":false,"width":856,"x":112,"xpath":"/FrameLayout/LinearLayout/FrameLayout/FrameLayout/FrameLayout/LinearLayoutCompat/FrameLayout/FrameLayout/LinearLayout/LinearLayout/FrameLayout","y":911}],"clickable":true,"contentDesc":"","depth":10,"height":203,"isList":false,"nodeRelateHash":-1203890256,"path":"/FrameLayout/LinearLayout/FrameLayout/FrameLayout/FrameLayout/LinearLayoutCompat/FrameLayout/FrameLayout/LinearLayout/LinearLayout","resourceID":"com.flauschcode.broccoli:id/category_name_layout","total_view":5,"viewNodeIDRelative":0,"viewTag":"android.widget.LinearLayout","viewText":"","webContent":false,"width":940,"x":70,"xpath":"/FrameLayout/LinearLayout/FrameLayout/FrameLayout/FrameLayout/LinearLayoutCompat/FrameLayout/FrameLayout/LinearLayout/LinearLayout","y":855}],"clickable":true,"contentDesc":"","depth":9,"height":203,"isList":false,"nodeRelateHash":959476531,"path":"/FrameLayout/LinearLayout/FrameLayout/FrameLayout/FrameLayout/LinearLayoutCompat/FrameLayout/FrameLayout/LinearLayout","resourceID":"","total_view":6,"viewNodeIDRelative":0,"viewTag":"android.widget.LinearLayout","viewText":"","webContent":false,"width":940,"x":70,"xpath":"/FrameLayout/LinearLayout/FrameLayout/FrameLayout/FrameLayout/LinearLayoutCompat/FrameLayout/FrameLayout/LinearLayout","y":855}],"clickable":true,"contentDesc":"","depth":8,"height":203,"isList":false,"nodeRelateHash":-758946014,"path":"/FrameLayout/LinearLayout/FrameLayout/FrameLayout/FrameLayout/LinearLayoutCompat/FrameLayout/FrameLayout","resourceID":"com.flauschcode.broccoli:id/custom","total_view":7,"viewNodeIDRelative":0,"viewTag":"android.widget.FrameLayout","viewText":"","webContent":false,"width":940,"x":70,"xpath":"/FrameLayout/LinearLayout/FrameLayout/FrameLayout/FrameLayout/LinearLayoutCompat/FrameLayout/FrameLayout","y":855}],"clickable":true,"contentDesc":"","depth":7,"height":203,"isList":false,"nodeRelateHash":-583106561,"path":"/FrameLayout/LinearLayout/FrameLayout/FrameLayout/FrameLayout/LinearLayoutCompat/FrameLayout","resourceID":"com.flauschcode.broccoli:id/customPanel","total_view":8,"viewNodeIDRelative":0,"viewTag":"android.widget.FrameLayout","viewText":"","webContent":false,"width":940,"x":70,"xpath":"/FrameLayout/LinearLayout/FrameLayout/FrameLayout/FrameLayout/LinearLayoutCompat/FrameLayout","y":855},{"children":[{"children":[{"children":[],"clickable":true,"contentDesc":"","depth":9,"height":71,"isList":false,"nodeRelateHash":93208842,"path":"/FrameLayout/LinearLayout/FrameLayout/FrameLayout/FrameLayout/LinearLayoutCompat/LinearLayout/LinearLayout/TextView","resourceID":"com.flauschcode.broccoli:id/alertTitle","total_view":1,"viewNodeIDRelative":0,"viewTag":"android.widget.TextView","viewText":"Add category","webContent":false,"width":814,"x":133,"xpath":"/FrameLayout/LinearLayout/FrameLayout/FrameLayout/FrameLayout/LinearLayoutCompat/LinearLayout/LinearLayout/TextView","y":784}],"clickable":true,"contentDesc":"","depth":8,"height":118,"isList":false,"nodeRelateHash":-1978572201,"path":"/FrameLayout/LinearLayout/FrameLayout/FrameLayout/FrameLayout/LinearLayoutCompat/LinearLayout/LinearLayout","resourceID":"com.flauschcode.broccoli:id/title_template","total_view":2,"viewNodeIDRelative":0,"viewTag":"android.widget.LinearLayout","viewText":"","webContent":false,"width":940,"x":70,"xpath":"/FrameLayout/LinearLayout/FrameLayout/FrameLayout/FrameLayout/LinearLayoutCompat/LinearLayout/LinearLayout","y":737}],"clickable":true,"contentDesc":"","depth":7,"height":118,"isList":false,"nodeRelateHash":303678233,"path":"/FrameLayout/LinearLayout/FrameLayout/FrameLayout/FrameLayout/LinearLayoutCompat/LinearLayout","resourceID":"com.flauschcode.broccoli:id/topPanel","total_view":3,"viewNodeIDRelative":0,"viewTag":"android.widget.LinearLayout","viewText":"","webContent":false,"width":940,"x":70,"xpath":"/FrameLayout/LinearLayout/FrameLayout/FrameLayout/FrameLayout/LinearLayoutCompat/LinearLayout","y":737},{"children":[{"children":[{"children":[],"clickable":true,"contentDesc":"","depth":9,"height":165,"isList":false,"nodeRelateHash":93191544,"path":"/FrameLayout/LinearLayout/FrameLayout/FrameLayout/FrameLayout/LinearLayoutCompat/ScrollView/LinearLayout/Button","resourceID":"android:id/button2","total_view":1,"viewNodeIDRelative":0,"viewTag":"android.widget.Button","viewText":"","webContent":false,"width":244,"x":546,"xpath":"/FrameLayout/LinearLayout/FrameLayout/FrameLayout/FrameLayout/LinearLayoutCompat/ScrollView/LinearLayout/Button","y":1069},{"children":[],"clickable":true,"contentDesc":"","depth":9,"height":165,"isList":false,"nodeRelateHash":93191544,"path":"/FrameLayout/LinearLayout/FrameLayout/FrameLayout/FrameLayout/LinearLayoutCompat/ScrollView/LinearLayout/Button","resourceID":"android:id/button1","total_view":1,"viewNodeIDRelative":0,"viewTag":"android.widget.Button","viewText":"","webContent":false,"width":188,"x":790,"xpath":"/FrameLayout/LinearLayout/FrameLayout/FrameLayout/FrameLayout/LinearLayoutCompat/ScrollView/LinearLayout/Button","y":1069}],"clickable":true,"contentDesc":"","depth":8,"height":187,"isList":false,"nodeRelateHash":-1999101081,"path":"/FrameLayout/LinearLayout/FrameLayout/FrameLayout/FrameLayout/LinearLayoutCompat/ScrollView/LinearLayout","resourceID":"","total_view":3,"viewNodeIDRelative":0,"viewTag":"android.widget.LinearLayout","viewText":"","webContent":false,"width":940,"x":70,"xpath":"/FrameLayout/LinearLayout/FrameLayout/FrameLayout/FrameLayout/LinearLayoutCompat/ScrollView/LinearLayout","y":1058}],"clickable":true,"contentDesc":"","depth":7,"height":187,"isList":false,"nodeRelateHash":1016879493,"path":"/FrameLayout/LinearLayout/FrameLayout/FrameLayout/FrameLayout/LinearLayoutCompat/ScrollView","resourceID":"com.flauschcode.broccoli:id/buttonPanel","total_view":4,"viewNodeIDRelative":0,"viewTag":"android.widget.ScrollView","viewText":"","webContent":false,"width":940,"x":70,"xpath":"/FrameLayout/LinearLayout/FrameLayout/FrameLayout/FrameLayout/LinearLayoutCompat/ScrollView","y":1058}],"clickable":true,"contentDesc":"","depth":6,"height":508,"isList":false,"nodeRelateHash":-407090033,"path":"/FrameLayout/LinearLayout/FrameLayout/FrameLayout/FrameLayout/LinearLayoutCompat","resourceID":"com.flauschcode.broccoli:id/parentPanel","total_view":16,"viewNodeIDRelative":0,"viewTag":"androidx.appcompat.widget.LinearLayoutCompat","viewText":"","webContent":false,"width":940,"x":70,"xpath":"/FrameLayout/LinearLayout/FrameLayout/FrameLayout/FrameLayout/LinearLayoutCompat","y":737}],"clickable":true,"contentDesc":"","depth":5,"height":508,"isList":false,"nodeRelateHash":-1421619249,"path":"/FrameLayout/LinearLayout/FrameLayout/FrameLayout/FrameLayout","resourceID":"android:id/content","total_view":17,"viewNodeIDRelative":0,"viewTag":"android.widget.FrameLayout","viewText":"","webContent":false,"width":940,"x":70,"xpath":"/FrameLayout/LinearLayout/FrameLayout/FrameLayout/FrameLayout","y":737}],"clickable":true,"contentDesc":"","depth":4,"height":508,"isList":false,"nodeRelateHash":1378740689,"path":"/FrameLayout/LinearLayout/FrameLayout/FrameLayout","resourceID":"com.flauschcode.broccoli:id/action_bar_root","total_view":18,"viewNodeIDRelative":0,"viewTag":"android.widget.FrameLayout","viewText":"","webContent":false,"width":940,"x":70,"xpath":"/FrameLayout/LinearLayout/FrameLayout/FrameLayout","y":737}],"clickable":true,"contentDesc":"","depth":3,"height":508,"isList":false,"nodeRelateHash":-703216867,"path":"/FrameLayout/LinearLayout/FrameLayout","resourceID":"","total_view":19,"viewNodeIDRelative":0,"viewTag":"android.widget.FrameLayout","viewText":"","webContent":false,"width":940,"x":70,"xpath":"/FrameLayout/LinearLayout/FrameLayout","y":737}],"clickable":true,"contentDesc":"","depth":2,"height":508,"isList":false,"nodeRelateHash":1876429930,"path":"/FrameLayout/LinearLayout","resourceID":"","total_view":20,"viewNodeIDRelative":0,"viewTag":"android.widget.LinearLayout","viewText":"","webContent":false,"width":940,"x":70,"xpath":"/FrameLayout/LinearLayout","y":737}],"clickable":true,"contentDesc":"","depth":1,"height":592,"isList":false,"nodeRelateHash":580877109,"path":"/FrameLayout","resourceID":"","total_view":21,"viewNodeIDRelative":0,"viewTag":"android.widget.FrameLayout","viewText":"","webContent":false,"width":1024,"x":28,"xpath":"/FrameLayout","y":695}],"clickable":false,"depth":0,"height":0,"isList":false,"nodeRelateHash":-1186458097,"path":"","total_view":21,"viewNodeIDRelative":0,"webContent":false,"width":0,"x":0,"xpath":"","y":0},"totalViewCount":21,"treeStructureHash":-1186458097}