{"Deeplink":"","activityName":"MainActivity","clickable_list":["/FrameLayout/LinearLayout/FrameLayout/FrameLayout/FrameLayout/LinearLayoutCompat/LinearLayout/View","/FrameLayout/LinearLayout/FrameLayout/FrameLayout/FrameLayout/LinearLayoutCompat/LinearLayout/LinearLayout/TextView","/FrameLayout/LinearLayout/FrameLayout/FrameLayout/FrameLayout/LinearLayoutCompat/FrameLayout/ListView/CheckedTextView","/FrameLayout/LinearLayout/FrameLayout/FrameLayout/FrameLayout/LinearLayoutCompat/ScrollView/LinearLayout/Button"],"deeplink":"","hasWebview":false,"relativeCount":0,"root":{"children":[{"children":[{"children":[{"children":[{"children":[{"children":[{"children":[{"children":[{"children":[{"children":[],"clickable":true,"contentDesc":"","depth":9,"height":71,"isList":false,"nodeRelateHash":93208842,"path":"/FrameLayout/LinearLayout/FrameLayout/FrameLayout/FrameLayout/LinearLayoutCompat/LinearLayout/LinearLayout/TextView","resourceID":"com.flauschcode.broccoli:id/alertTitle","total_view":1,"viewNodeIDRelative":0,"viewTag":"android.widget.TextView","viewText":"Theme","webContent":false,"width":814,"x":133,"xpath":"/FrameLayout/LinearLayout/FrameLayout/FrameLayout/FrameLayout/LinearLayoutCompat/LinearLayout/LinearLayout/TextView","y":686}],"clickable":true,"contentDesc":"","depth":8,"height":118,"isList":false,"nodeRelateHash":-1978572201,"path":"/FrameLayout/LinearLayout/FrameLayout/FrameLayout/FrameLayout/LinearLayoutCompat/LinearLayout/LinearLayout","resourceID":"com.flauschcode.broccoli:id/title_template","total_view":2,"viewNodeIDRelative":0,"viewTag":"android.widget.LinearLayout","viewText":"","webContent":false,"width":940,"x":70,"xpath":"/FrameLayout/LinearLayout/FrameLayout/FrameLayout/FrameLayout/LinearLayoutCompat/LinearLayout/LinearLayout","y":639},{"children":[],"clickable":true,"contentDesc":"","depth":8,"height":21,"isList":false,"nodeRelateHash":93180972,"path":"/FrameLayout/LinearLayout/FrameLayout/FrameLayout/FrameLayout/LinearLayoutCompat/LinearLayout/View","resourceID":"com.flauschcode.broccoli:id/titleDividerNoCustom","total_view":1,"viewNodeIDRelative":0,"viewTag":"android.view.View","viewText":"","webContent":false,"width":940,"x":70,"xpath":"/FrameLayout/LinearLayout/FrameLayout/FrameLayout/FrameLayout/LinearLayoutCompat/LinearLayout/View","y":757}],"clickable":true,"contentDesc":"","depth":7,"height":139,"isList":false,"nodeRelateHash":-2044743938,"path":"/FrameLayout/LinearLayout/FrameLayout/FrameLayout/FrameLayout/LinearLayoutCompat/LinearLayout","resourceID":"com.flauschcode.broccoli:id/topPanel","total_view":4,"viewNodeIDRelative":0,"viewTag":"android.widget.LinearLayout","viewText":"","webContent":false,"width":940,"x":70,"xpath":"/FrameLayout/LinearLayout/FrameLayout/FrameLayout/FrameLayout/LinearLayoutCompat/LinearLayout","y":639},{"children":[{"children":[{"children":[],"clickable":true,"contentDesc":"","depth":9,"height":126,"isList":false,"nodeRelateHash":93192505,"path":"/FrameLayout/LinearLayout/FrameLayout/FrameLayout/FrameLayout/LinearLayoutCompat/FrameLayout/ListView/CheckedTextView","resourceID":"android:id/text1","total_view":1,"viewNodeIDRelative":0,"viewTag":"android.widget.CheckedTextView","viewText":"Light","webContent":false,"width":940,"x":70,"xpath":"/FrameLayout/LinearLayout/FrameLayout/FrameLayout/FrameLayout/LinearLayoutCompat/FrameLayout/ListView/CheckedTextView","y":778},{"children":[],"clickable":true,"contentDesc":"","depth":9,"height":126,"isList":false,"nodeRelateHash":93192505,"path":"/FrameLayout/LinearLayout/FrameLayout/FrameLayout/FrameLayout/LinearLayoutCompat/FrameLayout/ListView/CheckedTextView","resourceID":"android:id/text1","total_view":1,"viewNodeIDRelative":0,"viewTag":"android.widget.CheckedTextView","viewText":"Dark","webContent":false,"width":940,"x":70,"xpath":"/FrameLayout/LinearLayout/FrameLayout/FrameLayout/FrameLayout/LinearLayoutCompat/FrameLayout/ListView/CheckedTextView","y":904},{"children":[],"clickable":true,"contentDesc":"","depth":9,"height":126,"isList":false,"nodeRelateHash":93192505,"path":"/FrameLayout/LinearLayout/FrameLayout/FrameLayout/FrameLayout/LinearLayoutCompat/FrameLayout/ListView/CheckedTextView","resourceID":"android:id/text1","total_view":1,"viewNodeIDRelative":0,"viewTag":"android.widget.CheckedTextView","viewText":"System default","webContent":false,"width":940,"x":70,"xpath":"/FrameLayout/LinearLayout/FrameLayout/FrameLayout/FrameLayout/LinearLayoutCompat/FrameLayout/ListView/CheckedTextView","y":1030}],"clickable":true,"contentDesc":"","depth":8,"height":378,"isList":false,"nodeRelateHash":-1999071413,"path":"/FrameLayout/LinearLayout/FrameLayout/FrameLayout/FrameLayout/LinearLayoutCompat/FrameLayout/ListView","resourceID":"com.flauschcode.broccoli:id/select_dialog_listview","total_view":4,"viewNodeIDRelative":0,"viewTag":"android.widget.ListView","viewText":"","webContent":false,"width":940,"x":70,"xpath":"/FrameLayout/LinearLayout/FrameLayout/FrameLayout/FrameLayout/LinearLayoutCompat/FrameLayout/ListView","y":778}],"clickable":true,"contentDesc":"","depth":7,"height":378,"isList":false,"nodeRelateHash":-1022953849,"path":"/FrameLayout/LinearLayout/FrameLayout/FrameLayout/FrameLayout/LinearLayoutCompat/FrameLayout","resourceID":"com.flauschcode.broccoli:id/contentPanel","total_view":5,"viewNodeIDRelative":0,"viewTag":"android.widget.FrameLayout","viewText":"","webContent":false,"width":940,"x":70,"xpath":"/FrameLayout/LinearLayout/FrameLayout/FrameLayout/FrameLayout/LinearLayoutCompat/FrameLayout","y":778},{"children":[{"children":[{"children":[],"clickable":true,"contentDesc":"","depth":9,"height":165,"isList":false,"nodeRelateHash":93191544,"path":"/FrameLayout/LinearLayout/FrameLayout/FrameLayout/FrameLayout/LinearLayoutCompat/ScrollView/LinearLayout/Button","resourceID":"android:id/button2","total_view":1,"viewNodeIDRelative":0,"viewTag":"android.widget.Button","viewText":"","webContent":false,"width":244,"x":734,"xpath":"/FrameLayout/LinearLayout/FrameLayout/FrameLayout/FrameLayout/LinearLayoutCompat/ScrollView/LinearLayout/Button","y":1167}],"clickable":true,"contentDesc":"","depth":8,"height":187,"isList":false,"nodeRelateHash":-1999101081,"path":"/FrameLayout/LinearLayout/FrameLayout/FrameLayout/FrameLayout/LinearLayoutCompat/ScrollView/LinearLayout","resourceID":"","total_view":2,"viewNodeIDRelative":0,"viewTag":"android.widget.LinearLayout","viewText":"","webContent":false,"width":940,"x":70,"xpath":"/FrameLayout/LinearLayout/FrameLayout/FrameLayout/FrameLayout/LinearLayoutCompat/ScrollView/LinearLayout","y":1156}],"clickable":true,"contentDesc":"","depth":7,"height":187,"isList":false,"nodeRelateHash":1016879493,"path":"/FrameLayout/LinearLayout/FrameLayout/FrameLayout/FrameLayout/LinearLayoutCompat/ScrollView","resourceID":"com.flauschcode.broccoli:id/buttonPanel","total_view":3,"viewNodeIDRelative":0,"viewTag":"android.widget.ScrollView","viewText":"","webContent":false,"width":940,"x":70,"xpath":"/FrameLayout/LinearLayout/FrameLayout/FrameLayout/FrameLayout/LinearLayoutCompat/ScrollView","y":1156}],"clickable":true,"contentDesc":"","depth":6,"height":704,"isList":false,"nodeRelateHash":-253802795,"path":"/FrameLayout/LinearLayout/FrameLayout/FrameLayout/FrameLayout/LinearLayoutCompat","resourceID":"com.flauschcode.broccoli:id/parentPanel","total_view":13,"viewNodeIDRelative":0,"viewTag":"androidx.appcompat.widget.LinearLayoutCompat","viewText":"","webContent":false,"width":940,"x":70,"xpath":"/FrameLayout/LinearLayout/FrameLayout/FrameLayout/FrameLayout/LinearLayoutCompat","y":639}],"clickable":true,"contentDesc":"","depth":5,"height":704,"isList":false,"nodeRelateHash":-1011819948,"path":"/FrameLayout/LinearLayout/FrameLayout/FrameLayout/FrameLayout","resourceID":"android:id/content","total_view":14,"viewNodeIDRelative":0,"viewTag":"android.widget.FrameLayout","viewText":"","webContent":false,"width":940,"x":70,"xpath":"/FrameLayout/LinearLayout/FrameLayout/FrameLayout/FrameLayout","y":639}],"clickable":true,"contentDesc":"","depth":4,"height":704,"isList":false,"nodeRelateHash":-1666921358,"path":"/FrameLayout/LinearLayout/FrameLayout/FrameLayout","resourceID":"com.flauschcode.broccoli:id/action_bar_root","total_view":15,"viewNodeIDRelative":0,"viewTag":"android.widget.FrameLayout","viewText":"","webContent":false,"width":940,"x":70,"xpath":"/FrameLayout/LinearLayout/FrameLayout/FrameLayout","y":639}],"clickable":true,"contentDesc":"","depth":3,"height":704,"isList":false,"nodeRelateHash":540147834,"path":"/FrameLayout/LinearLayout/FrameLayout","resourceID":"","total_view":16,"viewNodeIDRelative":0,"viewTag":"android.widget.FrameLayout","viewText":"","webContent":false,"width":940,"x":70,"xpath":"/FrameLayout/LinearLayout/FrameLayout","y":639}],"clickable":true,"contentDesc":"","depth":2,"height":704,"isList":false,"nodeRelateHash":-1394519621,"path":"/FrameLayout/LinearLayout","resourceID":"","total_view":17,"viewNodeIDRelative":0,"viewTag":"android.widget.LinearLayout","viewText":"","webContent":false,"width":940,"x":70,"xpath":"/FrameLayout/LinearLayout","y":639}],"clickable":true,"contentDesc":"","depth":1,"height":788,"isList":false,"nodeRelateHash":452635822,"path":"/FrameLayout","resourceID":"","total_view":18,"viewNodeIDRelative":0,"viewTag":"android.widget.FrameLayout","viewText":"","webContent":false,"width":1024,"x":28,"xpath":"/FrameLayout","y":597}],"clickable":false,"depth":0,"height":0,"isList":false,"nodeRelateHash":1401534833,"path":"","total_view":18,"viewNodeIDRelative":0,"webContent":false,"width":0,"x":0,"xpath":"","y":0},"totalViewCount":18,"treeStructureHash":1401534833}