{"Deeplink":"","activityName":"MainActivity","clickable_list":["/FrameLayout","/FrameLayout/LinearLayout/FrameLayout/FrameLayout/FrameLayout/LinearLayoutCompat/LinearLayout/LinearLayout/TextView","/FrameLayout/LinearLayout/FrameLayout/FrameLayout/FrameLayout/LinearLayoutCompat/ScrollView/LinearLayout/Button","/FrameLayout/LinearLayout/FrameLayout/FrameLayout/FrameLayout/LinearLayoutCompat/FrameLayout/FrameLayout/LinearLayout/LinearLayout/FrameLayout/EditText","/FrameLayout/LinearLayout/FrameLayout/FrameLayout/FrameLayout/LinearLayoutCompat/FrameLayout/FrameLayout/LinearLayout/LinearLayout/FrameLayout/LinearLayout/ImageButton"],"deeplink":"","hasWebview":false,"relativeCount":0,"root":{"children":[{"children":[],"clickable":true,"contentDesc":"","depth":1,"height":27,"isList":false,"nodeRelateHash":93195380,"path":"/FrameLayout","resourceID":"","total_view":1,"viewNodeIDRelative":0,"viewTag":"android.widget.FrameLayout","viewText":"","webContent":false,"width":1080,"x":0,"xpath":"/FrameLayout","y":1845},{"children":[{"children":[{"children":[{"children":[{"children":[{"children":[{"children":[{"children":[{"children":[{"children":[{"children":[{"children":[],"clickable":true,"contentDesc":"","depth":12,"height":167,"isList":false,"nodeRelateHash":-1405940257,"path":"/FrameLayout/LinearLayout/FrameLayout/FrameLayout/FrameLayout/LinearLayoutCompat/FrameLayout/FrameLayout/LinearLayout/LinearLayout/FrameLayout/EditText","resourceID":"com.flauschcode.broccoli:id/category_name","total_view":1,"viewNodeIDRelative":0,"viewTag":"android.widget.EditText","viewText":"","webContent":false,"width":834,"x":123,"xpath":"/FrameLayout/LinearLayout/FrameLayout/FrameLayout/FrameLayout/LinearLayoutCompat/FrameLayout/FrameLayout/LinearLayout/LinearLayout/FrameLayout/EditText","y":882},{"children":[{"children":[],"clickable":true,"contentDesc":"","depth":13,"height":144,"isList":false,"nodeRelateHash":-1405821092,"path":"/FrameLayout/LinearLayout/FrameLayout/FrameLayout/FrameLayout/LinearLayoutCompat/FrameLayout/FrameLayout/LinearLayout/LinearLayout/FrameLayout/LinearLayout/ImageButton","resourceID":"com.flauschcode.broccoli:id/text_input_start_icon","total_view":1,"viewNodeIDRelative":0,"viewTag":"android.widget.ImageButton","viewText":"","webContent":false,"width":144,"x":123,"xpath":"/FrameLayout/LinearLayout/FrameLayout/FrameLayout/FrameLayout/LinearLayoutCompat/FrameLayout/FrameLayout/LinearLayout/LinearLayout/FrameLayout/LinearLayout/ImageButton","y":893}],"clickable":true,"contentDesc":"","depth":12,"height":167,"isList":false,"nodeRelateHash":-796651185,"path":"/FrameLayout/LinearLayout/FrameLayout/FrameLayout/FrameLayout/LinearLayoutCompat/FrameLayout/FrameLayout/LinearLayout/LinearLayout/FrameLayout/LinearLayout","resourceID":"","total_view":2,"viewNodeIDRelative":0,"viewTag":"android.widget.LinearLayout","viewText":"","webContent":false,"width":156,"x":123,"xpath":"/FrameLayout/LinearLayout/FrameLayout/FrameLayout/FrameLayout/LinearLayoutCompat/FrameLayout/FrameLayout/LinearLayout/LinearLayout/FrameLayout/LinearLayout","y":882}],"clickable":true,"contentDesc":"","depth":11,"height":167,"isList":false,"nodeRelateHash":1290280282,"path":"/FrameLayout/LinearLayout/FrameLayout/FrameLayout/FrameLayout/LinearLayoutCompat/FrameLayout/FrameLayout/LinearLayout/LinearLayout/FrameLayout","resourceID":"","total_view":4,"viewNodeIDRelative":0,"viewTag":"android.widget.FrameLayout","viewText":"","webContent":false,"width":834,"x":123,"xpath":"/FrameLayout/LinearLayout/FrameLayout/FrameLayout/FrameLayout/LinearLayoutCompat/FrameLayout/FrameLayout/LinearLayout/LinearLayout/FrameLayout","y":882}],"clickable":true,"contentDesc":"","depth":10,"height":233,"isList":false,"nodeRelateHash":-1203890256,"path":"/FrameLayout/LinearLayout/FrameLayout/FrameLayout/FrameLayout/LinearLayoutCompat/FrameLayout/FrameLayout/LinearLayout/LinearLayout","resourceID":"com.flauschcode.broccoli:id/category_name_layout","total_view":5,"viewNodeIDRelative":0,"viewTag":"android.widget.LinearLayout","viewText":"","webContent":false,"width":930,"x":75,"xpath":"/FrameLayout/LinearLayout/FrameLayout/FrameLayout/FrameLayout/LinearLayoutCompat/FrameLayout/FrameLayout/LinearLayout/LinearLayout","y":816}],"clickable":true,"contentDesc":"","depth":9,"height":233,"isList":false,"nodeRelateHash":959476531,"path":"/FrameLayout/LinearLayout/FrameLayout/FrameLayout/FrameLayout/LinearLayoutCompat/FrameLayout/FrameLayout/LinearLayout","resourceID":"","total_view":6,"viewNodeIDRelative":0,"viewTag":"android.widget.LinearLayout","viewText":"","webContent":false,"width":930,"x":75,"xpath":"/FrameLayout/LinearLayout/FrameLayout/FrameLayout/FrameLayout/LinearLayoutCompat/FrameLayout/FrameLayout/LinearLayout","y":816}],"clickable":true,"contentDesc":"","depth":8,"height":233,"isList":false,"nodeRelateHash":-758946014,"path":"/FrameLayout/LinearLayout/FrameLayout/FrameLayout/FrameLayout/LinearLayoutCompat/FrameLayout/FrameLayout","resourceID":"com.flauschcode.broccoli:id/custom","total_view":7,"viewNodeIDRelative":0,"viewTag":"android.widget.FrameLayout","viewText":"","webContent":false,"width":930,"x":75,"xpath":"/FrameLayout/LinearLayout/FrameLayout/FrameLayout/FrameLayout/LinearLayoutCompat/FrameLayout/FrameLayout","y":816}],"clickable":true,"contentDesc":"","depth":7,"height":233,"isList":false,"nodeRelateHash":-583106561,"path":"/FrameLayout/LinearLayout/FrameLayout/FrameLayout/FrameLayout/LinearLayoutCompat/FrameLayout","resourceID":"com.flauschcode.broccoli:id/customPanel","total_view":8,"viewNodeIDRelative":0,"viewTag":"android.widget.FrameLayout","viewText":"","webContent":false,"width":930,"x":75,"xpath":"/FrameLayout/LinearLayout/FrameLayout/FrameLayout/FrameLayout/LinearLayoutCompat/FrameLayout","y":816},{"children":[{"children":[{"children":[],"clickable":true,"contentDesc":"","depth":9,"height":80,"isList":false,"nodeRelateHash":93208842,"path":"/FrameLayout/LinearLayout/FrameLayout/FrameLayout/FrameLayout/LinearLayoutCompat/LinearLayout/LinearLayout/TextView","resourceID":"com.flauschcode.broccoli:id/alertTitle","total_view":1,"viewNodeIDRelative":0,"viewTag":"android.widget.TextView","viewText":"Edit category","webContent":false,"width":786,"x":147,"xpath":"/FrameLayout/LinearLayout/FrameLayout/FrameLayout/FrameLayout/LinearLayoutCompat/LinearLayout/LinearLayout/TextView","y":736}],"clickable":true,"contentDesc":"","depth":8,"height":134,"isList":false,"nodeRelateHash":-1978572201,"path":"/FrameLayout/LinearLayout/FrameLayout/FrameLayout/FrameLayout/LinearLayoutCompat/LinearLayout/LinearLayout","resourceID":"com.flauschcode.broccoli:id/title_template","total_view":2,"viewNodeIDRelative":0,"viewTag":"android.widget.LinearLayout","viewText":"","webContent":false,"width":930,"x":75,"xpath":"/FrameLayout/LinearLayout/FrameLayout/FrameLayout/FrameLayout/LinearLayoutCompat/LinearLayout/LinearLayout","y":682}],"clickable":true,"contentDesc":"","depth":7,"height":134,"isList":false,"nodeRelateHash":303678233,"path":"/FrameLayout/LinearLayout/FrameLayout/FrameLayout/FrameLayout/LinearLayoutCompat/LinearLayout","resourceID":"com.flauschcode.broccoli:id/topPanel","total_view":3,"viewNodeIDRelative":0,"viewTag":"android.widget.LinearLayout","viewText":"","webContent":false,"width":930,"x":75,"xpath":"/FrameLayout/LinearLayout/FrameLayout/FrameLayout/FrameLayout/LinearLayoutCompat/LinearLayout","y":682},{"children":[{"children":[{"children":[],"clickable":true,"contentDesc":"","depth":9,"height":188,"isList":false,"nodeRelateHash":93191544,"path":"/FrameLayout/LinearLayout/FrameLayout/FrameLayout/FrameLayout/LinearLayoutCompat/ScrollView/LinearLayout/Button","resourceID":"android:id/button3","total_view":1,"viewNodeIDRelative":0,"viewTag":"android.widget.Button","viewText":"","webContent":false,"width":275,"x":111,"xpath":"/FrameLayout/LinearLayout/FrameLayout/FrameLayout/FrameLayout/LinearLayoutCompat/ScrollView/LinearLayout/Button","y":1061},{"children":[],"clickable":true,"contentDesc":"","depth":9,"height":188,"isList":false,"nodeRelateHash":93191544,"path":"/FrameLayout/LinearLayout/FrameLayout/FrameLayout/FrameLayout/LinearLayoutCompat/ScrollView/LinearLayout/Button","resourceID":"android:id/button2","total_view":1,"viewNodeIDRelative":0,"viewTag":"android.widget.Button","viewText":"","webContent":false,"width":287,"x":468,"xpath":"/FrameLayout/LinearLayout/FrameLayout/FrameLayout/FrameLayout/LinearLayoutCompat/ScrollView/LinearLayout/Button","y":1061},{"children":[],"clickable":true,"contentDesc":"","depth":9,"height":188,"isList":false,"nodeRelateHash":93191544,"path":"/FrameLayout/LinearLayout/FrameLayout/FrameLayout/FrameLayout/LinearLayoutCompat/ScrollView/LinearLayout/Button","resourceID":"android:id/button1","total_view":1,"viewNodeIDRelative":0,"viewTag":"android.widget.Button","viewText":"","webContent":false,"width":214,"x":755,"xpath":"/FrameLayout/LinearLayout/FrameLayout/FrameLayout/FrameLayout/LinearLayoutCompat/ScrollView/LinearLayout/Button","y":1061}],"clickable":true,"contentDesc":"","depth":8,"height":212,"isList":false,"nodeRelateHash":-1999101081,"path":"/FrameLayout/LinearLayout/FrameLayout/FrameLayout/FrameLayout/LinearLayoutCompat/ScrollView/LinearLayout","resourceID":"","total_view":4,"viewNodeIDRelative":0,"viewTag":"android.widget.LinearLayout","viewText":"","webContent":false,"width":930,"x":75,"xpath":"/FrameLayout/LinearLayout/FrameLayout/FrameLayout/FrameLayout/LinearLayoutCompat/ScrollView/LinearLayout","y":1049}],"clickable":true,"contentDesc":"","depth":7,"height":212,"isList":false,"nodeRelateHash":1016879493,"path":"/FrameLayout/LinearLayout/FrameLayout/FrameLayout/FrameLayout/LinearLayoutCompat/ScrollView","resourceID":"com.flauschcode.broccoli:id/buttonPanel","total_view":5,"viewNodeIDRelative":0,"viewTag":"android.widget.ScrollView","viewText":"","webContent":false,"width":930,"x":75,"xpath":"/FrameLayout/LinearLayout/FrameLayout/FrameLayout/FrameLayout/LinearLayoutCompat/ScrollView","y":1049}],"clickable":true,"contentDesc":"","depth":6,"height":579,"isList":false,"nodeRelateHash":-407090033,"path":"/FrameLayout/LinearLayout/FrameLayout/FrameLayout/FrameLayout/LinearLayoutCompat","resourceID":"com.flauschcode.broccoli:id/parentPanel","total_view":17,"viewNodeIDRelative":0,"viewTag":"androidx.appcompat.widget.LinearLayoutCompat","viewText":"","webContent":false,"width":930,"x":75,"xpath":"/FrameLayout/LinearLayout/FrameLayout/FrameLayout/FrameLayout/LinearLayoutCompat","y":682}],"clickable":true,"contentDesc":"","depth":5,"height":579,"isList":false,"nodeRelateHash":-1421619249,"path":"/FrameLayout/LinearLayout/FrameLayout/FrameLayout/FrameLayout","resourceID":"android:id/content","total_view":18,"viewNodeIDRelative":0,"viewTag":"android.widget.FrameLayout","viewText":"","webContent":false,"width":930,"x":75,"xpath":"/FrameLayout/LinearLayout/FrameLayout/FrameLayout/FrameLayout","y":682}],"clickable":true,"contentDesc":"","depth":4,"height":579,"isList":false,"nodeRelateHash":1378740689,"path":"/FrameLayout/LinearLayout/FrameLayout/FrameLayout","resourceID":"com.flauschcode.broccoli:id/action_bar_root","total_view":19,"viewNodeIDRelative":0,"viewTag":"android.widget.FrameLayout","viewText":"","webContent":false,"width":930,"x":75,"xpath":"/FrameLayout/LinearLayout/FrameLayout/FrameLayout","y":682}],"clickable":true,"contentDesc":"","depth":3,"height":579,"isList":false,"nodeRelateHash":-703216867,"path":"/FrameLayout/LinearLayout/FrameLayout","resourceID":"","total_view":20,"viewNodeIDRelative":0,"viewTag":"android.widget.FrameLayout","viewText":"","webContent":false,"width":930,"x":75,"xpath":"/FrameLayout/LinearLayout/FrameLayout","y":682}],"clickable":true,"contentDesc":"","depth":2,"height":579,"isList":false,"nodeRelateHash":1876429930,"path":"/FrameLayout/LinearLayout","resourceID":"","total_view":21,"viewNodeIDRelative":0,"viewTag":"android.widget.LinearLayout","viewText":"","webContent":false,"width":930,"x":75,"xpath":"/FrameLayout/LinearLayout","y":682}],"clickable":true,"contentDesc":"","depth":1,"height":675,"isList":false,"nodeRelateHash":580877109,"path":"/FrameLayout","resourceID":"","total_view":22,"viewNodeIDRelative":0,"viewTag":"android.widget.FrameLayout","viewText":"","webContent":false,"width":1026,"x":27,"xpath":"/FrameLayout","y":634}],"clickable":false,"depth":0,"height":0,"isList":false,"nodeRelateHash":1708887351,"path":"","total_view":23,"viewNodeIDRelative":0,"webContent":false,"width":0,"x":0,"xpath":"","y":0},"totalViewCount":23,"treeStructureHash":1708887351}