{"Deeplink":"","activityName":"MainActivity}","clickable_list":["/FrameLayout/FrameLayout/ListView/CheckedTextView"],"deeplink":"","hasWebview":false,"relativeCount":0,"root":{"children":[{"children":[{"children":[{"children":[{"children":[],"clickable":true,"contentDesc":"","depth":4,"height":126,"isList":false,"nodeRelateHash":93192500,"path":"/FrameLayout/FrameLayout/ListView/CheckedTextView","resourceID":"android:id/text1","total_view":1,"viewNodeIDRelative":0,"viewTag":"android.widget.CheckedTextView","viewText":"All recipes","webContent":false,"width":785,"x":42,"xpath":"/FrameLayout/FrameLayout/ListView/CheckedTextView","y":220},{"children":[],"clickable":true,"contentDesc":"","depth":4,"height":126,"isList":false,"nodeRelateHash":93192500,"path":"/FrameLayout/FrameLayout/ListView/CheckedTextView","resourceID":"android:id/text1","total_view":1,"viewNodeIDRelative":0,"viewTag":"android.widget.CheckedTextView","viewText":"Seasonal recipes","webContent":false,"width":785,"x":42,"xpath":"/FrameLayout/FrameLayout/ListView/CheckedTextView","y":346},{"children":[],"clickable":true,"contentDesc":"","depth":4,"height":126,"isList":false,"nodeRelateHash":93192500,"path":"/FrameLayout/FrameLayout/ListView/CheckedTextView","resourceID":"android:id/text1","total_view":1,"viewNodeIDRelative":0,"viewTag":"android.widget.CheckedTextView","viewText":"Recipes without category","webContent":false,"width":785,"x":42,"xpath":"/FrameLayout/FrameLayout/ListView/CheckedTextView","y":472},{"children":[],"clickable":true,"contentDesc":"","depth":4,"height":126,"isList":false,"nodeRelateHash":93192500,"path":"/FrameLayout/FrameLayout/ListView/CheckedTextView","resourceID":"android:id/text1","total_view":1,"viewNodeIDRelative":0,"viewTag":"android.widget.CheckedTextView","viewText":"Favorites","webContent":false,"width":785,"x":42,"xpath":"/FrameLayout/FrameLayout/ListView/CheckedTextView","y":598}],"clickable":true,"contentDesc":"","depth":3,"height":504,"isList":true,"nodeRelateHash":-1551733695,"path":"/FrameLayout/FrameLayout/ListView","resourceID":"","total_view":5,"viewNodeIDRelative":0,"viewTag":"android.widget.ListView","viewText":"","webContent":false,"width":785,"x":42,"xpath":"/FrameLayout/FrameLayout/ListView","y":220}],"clickable":true,"contentDesc":"","depth":2,"height":504,"isList":false,"nodeRelateHash":276885939,"path":"/FrameLayout/FrameLayout","resourceID":"","total_view":6,"viewNodeIDRelative":0,"viewTag":"android.widget.FrameLayout","viewText":"","webContent":false,"width":785,"x":42,"xpath":"/FrameLayout/FrameLayout","y":220}],"clickable":true,"contentDesc":"","depth":1,"height":504,"isList":false,"nodeRelateHash":1322451687,"path":"/FrameLayout","resourceID":"","total_view":7,"viewNodeIDRelative":0,"viewTag":"android.widget.FrameLayout","viewText":"","webContent":false,"width":785,"x":42,"xpath":"/FrameLayout","y":220}],"clickable":false,"depth":0,"height":0,"isList":false,"nodeRelateHash":1180766279,"path":"","total_view":7,"viewNodeIDRelative":0,"webContent":false,"width":0,"x":0,"xpath":"","y":0},"totalViewCount":7,"treeStructureHash":1180766279}