{"Deeplink":"","activityName":"MainActivity","clickable_list":["/FrameLayout/LinearLayout/FrameLayout/LinearLayout/FrameLayout/DrawerLayout/ViewGroup/LinearLayout/ViewGroup/ImageButton","/FrameLayout/LinearLayout/FrameLayout/LinearLayout/FrameLayout/DrawerLayout/ViewGroup/LinearLayout/ViewGroup/TextView","/FrameLayout/LinearLayout/FrameLayout/LinearLayout/FrameLayout/DrawerLayout/ViewGroup/ViewGroup/FrameLayout/ViewGroup/ImageButton","/FrameLayout/LinearLayout/FrameLayout/LinearLayout/FrameLayout/DrawerLayout/ViewGroup/ViewGroup/FrameLayout/ViewGroup/RecyclerView/ViewGroup/TextView"],"deeplink":"","hasWebview":false,"relativeCount":0,"root":{"children":[{"children":[{"children":[{"children":[{"children":[{"children":[{"children":[{"children":[{"children":[{"children":[{"children":[{"children":[{"children":[{"children":[],"clickable":true,"contentDesc":"","depth":13,"height":78,"isList":false,"nodeRelateHash":-1405493391,"path":"/FrameLayout/LinearLayout/FrameLayout/LinearLayout/FrameLayout/DrawerLayout/ViewGroup/ViewGroup/FrameLayout/ViewGroup/RecyclerView/ViewGroup/TextView","resourceID":"com.flauschcode.broccoli:id/card_text_view_category_name","total_view":1,"viewNodeIDRelative":0,"viewTag":"android.widget.TextView","viewText":"test","webContent":false,"width":99,"x":42,"xpath":"/FrameLayout/LinearLayout/FrameLayout/LinearLayout/FrameLayout/DrawerLayout/ViewGroup/ViewGroup/FrameLayout/ViewGroup/RecyclerView/ViewGroup/TextView","y":252}],"clickable":true,"contentDesc":"","depth":12,"height":162,"isList":false,"nodeRelateHash":1796509701,"path":"/FrameLayout/LinearLayout/FrameLayout/LinearLayout/FrameLayout/DrawerLayout/ViewGroup/ViewGroup/FrameLayout/ViewGroup/RecyclerView/ViewGroup","resourceID":"","total_view":2,"viewNodeIDRelative":0,"viewTag":"android.view.ViewGroup","viewText":"","webContent":false,"width":1080,"x":0,"xpath":"/FrameLayout/LinearLayout/FrameLayout/LinearLayout/FrameLayout/DrawerLayout/ViewGroup/ViewGroup/FrameLayout/ViewGroup/RecyclerView/ViewGroup","y":210}],"clickable":true,"contentDesc":"Categories","depth":11,"height":1710,"isList":true,"nodeRelateHash":1255138270,"path":"/FrameLayout/LinearLayout/FrameLayout/LinearLayout/FrameLayout/DrawerLayout/ViewGroup/ViewGroup/FrameLayout/ViewGroup/RecyclerView","resourceID":"com.flauschcode.broccoli:id/recycler_view","total_view":3,"viewNodeIDRelative":0,"viewTag":"androidx.recyclerview.widget.RecyclerView","viewText":"","webContent":false,"width":1080,"x":0,"xpath":"/FrameLayout/LinearLayout/FrameLayout/LinearLayout/FrameLayout/DrawerLayout/ViewGroup/ViewGroup/FrameLayout/ViewGroup/RecyclerView","y":210},{"children":[],"clickable":true,"contentDesc":"Add category","depth":11,"height":147,"isList":false,"nodeRelateHash":-1405821094,"path":"/FrameLayout/LinearLayout/FrameLayout/LinearLayout/FrameLayout/DrawerLayout/ViewGroup/ViewGroup/FrameLayout/ViewGroup/ImageButton","resourceID":"com.flauschcode.broccoli:id/fab_categories","total_view":1,"viewNodeIDRelative":0,"viewTag":"android.widget.ImageButton","viewText":"","webContent":false,"width":147,"x":891,"xpath":"/FrameLayout/LinearLayout/FrameLayout/LinearLayout/FrameLayout/DrawerLayout/ViewGroup/ViewGroup/FrameLayout/ViewGroup/ImageButton","y":1731}],"clickable":true,"contentDesc":"","depth":10,"height":1710,"isList":false,"nodeRelateHash":1377624840,"path":"/FrameLayout/LinearLayout/FrameLayout/LinearLayout/FrameLayout/DrawerLayout/ViewGroup/ViewGroup/FrameLayout/ViewGroup","resourceID":"","total_view":5,"viewNodeIDRelative":0,"viewTag":"android.view.ViewGroup","viewText":"","webContent":false,"width":1080,"x":0,"xpath":"/FrameLayout/LinearLayout/FrameLayout/LinearLayout/FrameLayout/DrawerLayout/ViewGroup/ViewGroup/FrameLayout/ViewGroup","y":210}],"clickable":true,"contentDesc":"","depth":9,"height":1710,"isList":false,"nodeRelateHash":482117946,"path":"/FrameLayout/LinearLayout/FrameLayout/LinearLayout/FrameLayout/DrawerLayout/ViewGroup/ViewGroup/FrameLayout","resourceID":"com.flauschcode.broccoli:id/nav_host_fragment","total_view":6,"viewNodeIDRelative":0,"viewTag":"android.widget.FrameLayout","viewText":"","webContent":false,"width":1080,"x":0,"xpath":"/FrameLayout/LinearLayout/FrameLayout/LinearLayout/FrameLayout/DrawerLayout/ViewGroup/ViewGroup/FrameLayout","y":210}],"clickable":true,"contentDesc":"","depth":8,"height":1710,"isList":false,"nodeRelateHash":971628550,"path":"/FrameLayout/LinearLayout/FrameLayout/LinearLayout/FrameLayout/DrawerLayout/ViewGroup/ViewGroup","resourceID":"","total_view":7,"viewNodeIDRelative":0,"viewTag":"android.view.ViewGroup","viewText":"","webContent":false,"width":1080,"x":0,"xpath":"/FrameLayout/LinearLayout/FrameLayout/LinearLayout/FrameLayout/DrawerLayout/ViewGroup/ViewGroup","y":210},{"children":[{"children":[{"children":[],"clickable":true,"contentDesc":"Open navigation drawer","depth":10,"height":147,"isList":false,"nodeRelateHash":-1405821095,"path":"/FrameLayout/LinearLayout/FrameLayout/LinearLayout/FrameLayout/DrawerLayout/ViewGroup/LinearLayout/ViewGroup/ImageButton","resourceID":"","total_view":1,"viewNodeIDRelative":0,"viewTag":"android.widget.ImageButton","viewText":"","webContent":false,"width":147,"x":0,"xpath":"/FrameLayout/LinearLayout/FrameLayout/LinearLayout/FrameLayout/DrawerLayout/ViewGroup/LinearLayout/ViewGroup/ImageButton","y":63},{"children":[],"clickable":true,"contentDesc":"","depth":10,"height":71,"isList":false,"nodeRelateHash":-1405493394,"path":"/FrameLayout/LinearLayout/FrameLayout/LinearLayout/FrameLayout/DrawerLayout/ViewGroup/LinearLayout/ViewGroup/TextView","resourceID":"","total_view":1,"viewNodeIDRelative":0,"viewTag":"android.widget.TextView","viewText":"Categories","webContent":false,"width":265,"x":189,"xpath":"/FrameLayout/LinearLayout/FrameLayout/LinearLayout/FrameLayout/DrawerLayout/ViewGroup/LinearLayout/ViewGroup/TextView","y":101}],"clickable":true,"contentDesc":"","depth":9,"height":147,"isList":false,"nodeRelateHash":-227641288,"path":"/FrameLayout/LinearLayout/FrameLayout/LinearLayout/FrameLayout/DrawerLayout/ViewGroup/LinearLayout/ViewGroup","resourceID":"com.flauschcode.broccoli:id/toolbar","total_view":3,"viewNodeIDRelative":0,"viewTag":"android.view.ViewGroup","viewText":"","webContent":false,"width":1080,"x":0,"xpath":"/FrameLayout/LinearLayout/FrameLayout/LinearLayout/FrameLayout/DrawerLayout/ViewGroup/LinearLayout/ViewGroup","y":63}],"clickable":true,"contentDesc":"","depth":8,"height":147,"isList":false,"nodeRelateHash":-1305172598,"path":"/FrameLayout/LinearLayout/FrameLayout/LinearLayout/FrameLayout/DrawerLayout/ViewGroup/LinearLayout","resourceID":"","total_view":4,"viewNodeIDRelative":0,"viewTag":"android.widget.LinearLayout","viewText":"","webContent":false,"width":1080,"x":0,"xpath":"/FrameLayout/LinearLayout/FrameLayout/LinearLayout/FrameLayout/DrawerLayout/ViewGroup/LinearLayout","y":63}],"clickable":true,"contentDesc":"","depth":7,"height":1857,"isList":false,"nodeRelateHash":1959493312,"path":"/FrameLayout/LinearLayout/FrameLayout/LinearLayout/FrameLayout/DrawerLayout/ViewGroup","resourceID":"","total_view":12,"viewNodeIDRelative":0,"viewTag":"android.view.ViewGroup","viewText":"","webContent":false,"width":1080,"x":0,"xpath":"/FrameLayout/LinearLayout/FrameLayout/LinearLayout/FrameLayout/DrawerLayout/ViewGroup","y":63}],"clickable":true,"contentDesc":"","depth":6,"height":1920,"isList":false,"nodeRelateHash":394057419,"path":"/FrameLayout/LinearLayout/FrameLayout/LinearLayout/FrameLayout/DrawerLayout","resourceID":"com.flauschcode.broccoli:id/drawer_layout","total_view":13,"viewNodeIDRelative":0,"viewTag":"androidx.drawerlayout.widget.DrawerLayout","viewText":"","webContent":false,"width":1080,"x":0,"xpath":"/FrameLayout/LinearLayout/FrameLayout/LinearLayout/FrameLayout/DrawerLayout","y":0}],"clickable":true,"contentDesc":"","depth":5,"height":1920,"isList":false,"nodeRelateHash":207807456,"path":"/FrameLayout/LinearLayout/FrameLayout/LinearLayout/FrameLayout","resourceID":"android:id/content","total_view":14,"viewNodeIDRelative":0,"viewTag":"android.widget.FrameLayout","viewText":"","webContent":false,"width":1080,"x":0,"xpath":"/FrameLayout/LinearLayout/FrameLayout/LinearLayout/FrameLayout","y":0}],"clickable":true,"contentDesc":"","depth":4,"height":1920,"isList":false,"nodeRelateHash":-1222159918,"path":"/FrameLayout/LinearLayout/FrameLayout/LinearLayout","resourceID":"com.flauschcode.broccoli:id/action_bar_root","total_view":15,"viewNodeIDRelative":0,"viewTag":"android.widget.LinearLayout","viewText":"","webContent":false,"width":1080,"x":0,"xpath":"/FrameLayout/LinearLayout/FrameLayout/LinearLayout","y":0}],"clickable":true,"contentDesc":"","depth":3,"height":1920,"isList":false,"nodeRelateHash":1317658243,"path":"/FrameLayout/LinearLayout/FrameLayout","resourceID":"","total_view":16,"viewNodeIDRelative":0,"viewTag":"android.widget.FrameLayout","viewText":"","webContent":false,"width":1080,"x":0,"xpath":"/FrameLayout/LinearLayout/FrameLayout","y":0}],"clickable":true,"contentDesc":"","depth":2,"height":1920,"isList":false,"nodeRelateHash":846381371,"path":"/FrameLayout/LinearLayout","resourceID":"","total_view":17,"viewNodeIDRelative":0,"viewTag":"android.widget.LinearLayout","viewText":"","webContent":false,"width":1080,"x":0,"xpath":"/FrameLayout/LinearLayout","y":0}],"clickable":true,"contentDesc":"","depth":1,"height":1920,"isList":false,"nodeRelateHash":-2009074777,"path":"/FrameLayout","resourceID":"","total_view":18,"viewNodeIDRelative":0,"viewTag":"android.widget.FrameLayout","viewText":"","webContent":false,"width":1080,"x":0,"xpath":"/FrameLayout","y":0}],"clickable":false,"depth":0,"height":0,"isList":false,"nodeRelateHash":1172574878,"path":"","total_view":18,"viewNodeIDRelative":0,"webContent":false,"width":0,"x":0,"xpath":"","y":0},"totalViewCount":18,"treeStructureHash":1172574878}