{"Deeplink":"","activityName":"MainActivity","clickable_list":["/FrameLayout/LinearLayout/FrameLayout/LinearLayout/FrameLayout/DrawerLayout/ViewGroup/LinearLayout/ViewGroup/ImageButton","/FrameLayout/LinearLayout/FrameLayout/LinearLayout/FrameLayout/DrawerLayout/ViewGroup/LinearLayout/ViewGroup/TextView","/FrameLayout/LinearLayout/FrameLayout/LinearLayout/FrameLayout/DrawerLayout/ViewGroup/ViewGroup/FrameLayout/LinearLayout/FrameLayout/RecyclerView/LinearLayout/RelativeLayout/TextView","/FrameLayout/LinearLayout/FrameLayout/LinearLayout/FrameLayout/DrawerLayout/ViewGroup/ViewGroup/FrameLayout/LinearLayout/FrameLayout/RecyclerView/LinearLayout/LinearLayout/ImageView"],"deeplink":"","hasWebview":false,"relativeCount":0,"root":{"children":[{"children":[{"children":[{"children":[{"children":[{"children":[{"children":[{"children":[{"children":[{"children":[{"children":[{"children":[{"children":[{"children":[{"children":[{"children":[],"clickable":true,"contentDesc":"","depth":15,"height":51,"isList":false,"nodeRelateHash":-1405493389,"path":"/FrameLayout/LinearLayout/FrameLayout/LinearLayout/FrameLayout/DrawerLayout/ViewGroup/ViewGroup/FrameLayout/LinearLayout/FrameLayout/RecyclerView/LinearLayout/RelativeLayout/TextView","resourceID":"android:id/title","total_view":1,"viewNodeIDRelative":0,"viewTag":"android.widget.TextView","viewText":"Backup","webContent":false,"width":996,"x":42,"xpath":"/FrameLayout/LinearLayout/FrameLayout/LinearLayout/FrameLayout/DrawerLayout/ViewGroup/ViewGroup/FrameLayout/LinearLayout/FrameLayout/RecyclerView/LinearLayout/RelativeLayout/TextView","y":273}],"clickable":true,"contentDesc":"","depth":14,"height":93,"isList":false,"nodeRelateHash":-191099001,"path":"/FrameLayout/LinearLayout/FrameLayout/LinearLayout/FrameLayout/DrawerLayout/ViewGroup/ViewGroup/FrameLayout/LinearLayout/FrameLayout/RecyclerView/LinearLayout/RelativeLayout","resourceID":"","total_view":2,"viewNodeIDRelative":0,"viewTag":"android.widget.RelativeLayout","viewText":"","webContent":false,"width":996,"x":42,"xpath":"/FrameLayout/LinearLayout/FrameLayout/LinearLayout/FrameLayout/DrawerLayout/ViewGroup/ViewGroup/FrameLayout/LinearLayout/FrameLayout/RecyclerView/LinearLayout/RelativeLayout","y":252}],"clickable":true,"contentDesc":"","depth":13,"height":93,"isList":false,"nodeRelateHash":1125166294,"path":"/FrameLayout/LinearLayout/FrameLayout/LinearLayout/FrameLayout/DrawerLayout/ViewGroup/ViewGroup/FrameLayout/LinearLayout/FrameLayout/RecyclerView/LinearLayout","resourceID":"","total_view":3,"viewNodeIDRelative":0,"viewTag":"android.widget.LinearLayout","viewText":"","webContent":false,"width":1080,"x":0,"xpath":"/FrameLayout/LinearLayout/FrameLayout/LinearLayout/FrameLayout/DrawerLayout/ViewGroup/ViewGroup/FrameLayout/LinearLayout/FrameLayout/RecyclerView/LinearLayout","y":252},{"children":[{"children":[{"children":[],"clickable":true,"contentDesc":"","depth":15,"height":57,"isList":false,"nodeRelateHash":-1405493389,"path":"/FrameLayout/LinearLayout/FrameLayout/LinearLayout/FrameLayout/DrawerLayout/ViewGroup/ViewGroup/FrameLayout/LinearLayout/FrameLayout/RecyclerView/LinearLayout/RelativeLayout/TextView","resourceID":"android:id/title","total_view":1,"viewNodeIDRelative":0,"viewTag":"android.widget.TextView","viewText":"Last backup","webContent":false,"width":229,"x":189,"xpath":"/FrameLayout/LinearLayout/FrameLayout/LinearLayout/FrameLayout/DrawerLayout/ViewGroup/ViewGroup/FrameLayout/LinearLayout/FrameLayout/RecyclerView/LinearLayout/RelativeLayout/TextView","y":622},{"children":[],"clickable":true,"contentDesc":"","depth":15,"height":51,"isList":false,"nodeRelateHash":-1405493389,"path":"/FrameLayout/LinearLayout/FrameLayout/LinearLayout/FrameLayout/DrawerLayout/ViewGroup/ViewGroup/FrameLayout/LinearLayout/FrameLayout/RecyclerView/LinearLayout/RelativeLayout/TextView","resourceID":"android:id/summary","total_view":1,"viewNodeIDRelative":0,"viewTag":"android.widget.TextView","viewText":"2/3/24","webContent":false,"width":114,"x":189,"xpath":"/FrameLayout/LinearLayout/FrameLayout/LinearLayout/FrameLayout/DrawerLayout/ViewGroup/ViewGroup/FrameLayout/LinearLayout/FrameLayout/RecyclerView/LinearLayout/RelativeLayout/TextView","y":679}],"clickable":true,"contentDesc":"","depth":14,"height":192,"isList":false,"nodeRelateHash":-191099001,"path":"/FrameLayout/LinearLayout/FrameLayout/LinearLayout/FrameLayout/DrawerLayout/ViewGroup/ViewGroup/FrameLayout/LinearLayout/FrameLayout/RecyclerView/LinearLayout/RelativeLayout","resourceID":"","total_view":3,"viewNodeIDRelative":0,"viewTag":"android.widget.RelativeLayout","viewText":"","webContent":false,"width":849,"x":189,"xpath":"/FrameLayout/LinearLayout/FrameLayout/LinearLayout/FrameLayout/DrawerLayout/ViewGroup/ViewGroup/FrameLayout/LinearLayout/FrameLayout/RecyclerView/LinearLayout/RelativeLayout","y":580}],"clickable":true,"contentDesc":"","depth":13,"height":192,"isList":false,"nodeRelateHash":1125166294,"path":"/FrameLayout/LinearLayout/FrameLayout/LinearLayout/FrameLayout/DrawerLayout/ViewGroup/ViewGroup/FrameLayout/LinearLayout/FrameLayout/RecyclerView/LinearLayout","resourceID":"","total_view":4,"viewNodeIDRelative":0,"viewTag":"android.widget.LinearLayout","viewText":"","webContent":false,"width":1080,"x":0,"xpath":"/FrameLayout/LinearLayout/FrameLayout/LinearLayout/FrameLayout/DrawerLayout/ViewGroup/ViewGroup/FrameLayout/LinearLayout/FrameLayout/RecyclerView/LinearLayout","y":580},{"children":[{"children":[{"children":[],"clickable":true,"contentDesc":"","depth":15,"height":51,"isList":false,"nodeRelateHash":-1405493389,"path":"/FrameLayout/LinearLayout/FrameLayout/LinearLayout/FrameLayout/DrawerLayout/ViewGroup/ViewGroup/FrameLayout/LinearLayout/FrameLayout/RecyclerView/LinearLayout/RelativeLayout/TextView","resourceID":"android:id/title","total_view":1,"viewNodeIDRelative":0,"viewTag":"android.widget.TextView","viewText":"Restore","webContent":false,"width":996,"x":42,"xpath":"/FrameLayout/LinearLayout/FrameLayout/LinearLayout/FrameLayout/DrawerLayout/ViewGroup/ViewGroup/FrameLayout/LinearLayout/FrameLayout/RecyclerView/LinearLayout/RelativeLayout/TextView","y":835}],"clickable":true,"contentDesc":"","depth":14,"height":93,"isList":false,"nodeRelateHash":-191099001,"path":"/FrameLayout/LinearLayout/FrameLayout/LinearLayout/FrameLayout/DrawerLayout/ViewGroup/ViewGroup/FrameLayout/LinearLayout/FrameLayout/RecyclerView/LinearLayout/RelativeLayout","resourceID":"","total_view":2,"viewNodeIDRelative":0,"viewTag":"android.widget.RelativeLayout","viewText":"","webContent":false,"width":996,"x":42,"xpath":"/FrameLayout/LinearLayout/FrameLayout/LinearLayout/FrameLayout/DrawerLayout/ViewGroup/ViewGroup/FrameLayout/LinearLayout/FrameLayout/RecyclerView/LinearLayout/RelativeLayout","y":814}],"clickable":true,"contentDesc":"","depth":13,"height":93,"isList":false,"nodeRelateHash":1125166294,"path":"/FrameLayout/LinearLayout/FrameLayout/LinearLayout/FrameLayout/DrawerLayout/ViewGroup/ViewGroup/FrameLayout/LinearLayout/FrameLayout/RecyclerView/LinearLayout","resourceID":"","total_view":3,"viewNodeIDRelative":0,"viewTag":"android.widget.LinearLayout","viewText":"","webContent":false,"width":1080,"x":0,"xpath":"/FrameLayout/LinearLayout/FrameLayout/LinearLayout/FrameLayout/DrawerLayout/ViewGroup/ViewGroup/FrameLayout/LinearLayout/FrameLayout/RecyclerView/LinearLayout","y":814},{"children":[{"children":[{"children":[],"clickable":true,"contentDesc":"","depth":15,"height":63,"isList":false,"nodeRelateHash":-1405821090,"path":"/FrameLayout/LinearLayout/FrameLayout/LinearLayout/FrameLayout/DrawerLayout/ViewGroup/ViewGroup/FrameLayout/LinearLayout/FrameLayout/RecyclerView/LinearLayout/LinearLayout/ImageView","resourceID":"android:id/icon","total_view":1,"viewNodeIDRelative":0,"viewTag":"android.widget.ImageView","viewText":"","webContent":false,"width":63,"x":42,"xpath":"/FrameLayout/LinearLayout/FrameLayout/LinearLayout/FrameLayout/DrawerLayout/ViewGroup/ViewGroup/FrameLayout/LinearLayout/FrameLayout/RecyclerView/LinearLayout/LinearLayout/ImageView","y":431}],"clickable":true,"contentDesc":"","depth":14,"height":85,"isList":false,"nodeRelateHash":-538485749,"path":"/FrameLayout/LinearLayout/FrameLayout/LinearLayout/FrameLayout/DrawerLayout/ViewGroup/ViewGroup/FrameLayout/LinearLayout/FrameLayout/RecyclerView/LinearLayout/LinearLayout","resourceID":"com.flauschcode.broccoli:id/icon_frame","total_view":2,"viewNodeIDRelative":0,"viewTag":"android.widget.LinearLayout","viewText":"","webContent":false,"width":147,"x":42,"xpath":"/FrameLayout/LinearLayout/FrameLayout/LinearLayout/FrameLayout/DrawerLayout/ViewGroup/ViewGroup/FrameLayout/LinearLayout/FrameLayout/RecyclerView/LinearLayout/LinearLayout","y":420},{"children":[{"children":[],"clickable":true,"contentDesc":"","depth":15,"height":57,"isList":false,"nodeRelateHash":-1405493389,"path":"/FrameLayout/LinearLayout/FrameLayout/LinearLayout/FrameLayout/DrawerLayout/ViewGroup/ViewGroup/FrameLayout/LinearLayout/FrameLayout/RecyclerView/LinearLayout/RelativeLayout/TextView","resourceID":"android:id/title","total_view":1,"viewNodeIDRelative":0,"viewTag":"android.widget.TextView","viewText":"Backup recipes","webContent":false,"width":285,"x":189,"xpath":"/FrameLayout/LinearLayout/FrameLayout/LinearLayout/FrameLayout/DrawerLayout/ViewGroup/ViewGroup/FrameLayout/LinearLayout/FrameLayout/RecyclerView/LinearLayout/RelativeLayout/TextView","y":387},{"children":[],"clickable":true,"contentDesc":"","depth":15,"height":94,"isList":false,"nodeRelateHash":-1405493389,"path":"/FrameLayout/LinearLayout/FrameLayout/LinearLayout/FrameLayout/DrawerLayout/ViewGroup/ViewGroup/FrameLayout/LinearLayout/FrameLayout/RecyclerView/LinearLayout/RelativeLayout/TextView","resourceID":"android:id/summary","total_view":1,"viewNodeIDRelative":0,"viewTag":"android.widget.TextView","viewText":"Export all your recipes and categories and save them wherever you want.","webContent":false,"width":849,"x":189,"xpath":"/FrameLayout/LinearLayout/FrameLayout/LinearLayout/FrameLayout/DrawerLayout/ViewGroup/ViewGroup/FrameLayout/LinearLayout/FrameLayout/RecyclerView/LinearLayout/RelativeLayout/TextView","y":444}],"clickable":true,"contentDesc":"","depth":14,"height":235,"isList":false,"nodeRelateHash":-191099001,"path":"/FrameLayout/LinearLayout/FrameLayout/LinearLayout/FrameLayout/DrawerLayout/ViewGroup/ViewGroup/FrameLayout/LinearLayout/FrameLayout/RecyclerView/LinearLayout/RelativeLayout","resourceID":"","total_view":3,"viewNodeIDRelative":0,"viewTag":"android.widget.RelativeLayout","viewText":"","webContent":false,"width":849,"x":189,"xpath":"/FrameLayout/LinearLayout/FrameLayout/LinearLayout/FrameLayout/DrawerLayout/ViewGroup/ViewGroup/FrameLayout/LinearLayout/FrameLayout/RecyclerView/LinearLayout/RelativeLayout","y":345}],"clickable":true,"contentDesc":"","depth":13,"height":235,"isList":false,"nodeRelateHash":1997379854,"path":"/FrameLayout/LinearLayout/FrameLayout/LinearLayout/FrameLayout/DrawerLayout/ViewGroup/ViewGroup/FrameLayout/LinearLayout/FrameLayout/RecyclerView/LinearLayout","resourceID":"","total_view":6,"viewNodeIDRelative":0,"viewTag":"android.widget.LinearLayout","viewText":"","webContent":false,"width":1080,"x":0,"xpath":"/FrameLayout/LinearLayout/FrameLayout/LinearLayout/FrameLayout/DrawerLayout/ViewGroup/ViewGroup/FrameLayout/LinearLayout/FrameLayout/RecyclerView/LinearLayout","y":345},{"children":[{"children":[{"children":[],"clickable":true,"contentDesc":"","depth":15,"height":63,"isList":false,"nodeRelateHash":-1405821090,"path":"/FrameLayout/LinearLayout/FrameLayout/LinearLayout/FrameLayout/DrawerLayout/ViewGroup/ViewGroup/FrameLayout/LinearLayout/FrameLayout/RecyclerView/LinearLayout/LinearLayout/ImageView","resourceID":"android:id/icon","total_view":1,"viewNodeIDRelative":0,"viewTag":"android.widget.ImageView","viewText":"","webContent":false,"width":63,"x":42,"xpath":"/FrameLayout/LinearLayout/FrameLayout/LinearLayout/FrameLayout/DrawerLayout/ViewGroup/ViewGroup/FrameLayout/LinearLayout/FrameLayout/RecyclerView/LinearLayout/LinearLayout/ImageView","y":993}],"clickable":true,"contentDesc":"","depth":14,"height":85,"isList":false,"nodeRelateHash":-538485749,"path":"/FrameLayout/LinearLayout/FrameLayout/LinearLayout/FrameLayout/DrawerLayout/ViewGroup/ViewGroup/FrameLayout/LinearLayout/FrameLayout/RecyclerView/LinearLayout/LinearLayout","resourceID":"com.flauschcode.broccoli:id/icon_frame","total_view":2,"viewNodeIDRelative":0,"viewTag":"android.widget.LinearLayout","viewText":"","webContent":false,"width":147,"x":42,"xpath":"/FrameLayout/LinearLayout/FrameLayout/LinearLayout/FrameLayout/DrawerLayout/ViewGroup/ViewGroup/FrameLayout/LinearLayout/FrameLayout/RecyclerView/LinearLayout/LinearLayout","y":982},{"children":[{"children":[],"clickable":true,"contentDesc":"","depth":15,"height":57,"isList":false,"nodeRelateHash":-1405493389,"path":"/FrameLayout/LinearLayout/FrameLayout/LinearLayout/FrameLayout/DrawerLayout/ViewGroup/ViewGroup/FrameLayout/LinearLayout/FrameLayout/RecyclerView/LinearLayout/RelativeLayout/TextView","resourceID":"android:id/title","total_view":1,"viewNodeIDRelative":0,"viewTag":"android.widget.TextView","viewText":"Restore recipes","webContent":false,"width":289,"x":189,"xpath":"/FrameLayout/LinearLayout/FrameLayout/LinearLayout/FrameLayout/DrawerLayout/ViewGroup/ViewGroup/FrameLayout/LinearLayout/FrameLayout/RecyclerView/LinearLayout/RelativeLayout/TextView","y":949},{"children":[],"clickable":true,"contentDesc":"","depth":15,"height":94,"isList":false,"nodeRelateHash":-1405493389,"path":"/FrameLayout/LinearLayout/FrameLayout/LinearLayout/FrameLayout/DrawerLayout/ViewGroup/ViewGroup/FrameLayout/LinearLayout/FrameLayout/RecyclerView/LinearLayout/RelativeLayout/TextView","resourceID":"android:id/summary","total_view":1,"viewNodeIDRelative":0,"viewTag":"android.widget.TextView","viewText":"Import all recipes and categories from a backup file.","webContent":false,"width":849,"x":189,"xpath":"/FrameLayout/LinearLayout/FrameLayout/LinearLayout/FrameLayout/DrawerLayout/ViewGroup/ViewGroup/FrameLayout/LinearLayout/FrameLayout/RecyclerView/LinearLayout/RelativeLayout/TextView","y":1006}],"clickable":true,"contentDesc":"","depth":14,"height":235,"isList":false,"nodeRelateHash":-191099001,"path":"/FrameLayout/LinearLayout/FrameLayout/LinearLayout/FrameLayout/DrawerLayout/ViewGroup/ViewGroup/FrameLayout/LinearLayout/FrameLayout/RecyclerView/LinearLayout/RelativeLayout","resourceID":"","total_view":3,"viewNodeIDRelative":0,"viewTag":"android.widget.RelativeLayout","viewText":"","webContent":false,"width":849,"x":189,"xpath":"/FrameLayout/LinearLayout/FrameLayout/LinearLayout/FrameLayout/DrawerLayout/ViewGroup/ViewGroup/FrameLayout/LinearLayout/FrameLayout/RecyclerView/LinearLayout/RelativeLayout","y":907}],"clickable":true,"contentDesc":"","depth":13,"height":235,"isList":false,"nodeRelateHash":1997379854,"path":"/FrameLayout/LinearLayout/FrameLayout/LinearLayout/FrameLayout/DrawerLayout/ViewGroup/ViewGroup/FrameLayout/LinearLayout/FrameLayout/RecyclerView/LinearLayout","resourceID":"","total_view":6,"viewNodeIDRelative":0,"viewTag":"android.widget.LinearLayout","viewText":"","webContent":false,"width":1080,"x":0,"xpath":"/FrameLayout/LinearLayout/FrameLayout/LinearLayout/FrameLayout/DrawerLayout/ViewGroup/ViewGroup/FrameLayout/LinearLayout/FrameLayout/RecyclerView/LinearLayout","y":907}],"clickable":true,"contentDesc":"","depth":12,"height":1710,"isList":true,"nodeRelateHash":-1350155543,"path":"/FrameLayout/LinearLayout/FrameLayout/LinearLayout/FrameLayout/DrawerLayout/ViewGroup/ViewGroup/FrameLayout/LinearLayout/FrameLayout/RecyclerView","resourceID":"com.flauschcode.broccoli:id/recycler_view","total_view":23,"viewNodeIDRelative":0,"viewTag":"androidx.recyclerview.widget.RecyclerView","viewText":"","webContent":false,"width":1080,"x":0,"xpath":"/FrameLayout/LinearLayout/FrameLayout/LinearLayout/FrameLayout/DrawerLayout/ViewGroup/ViewGroup/FrameLayout/LinearLayout/FrameLayout/RecyclerView","y":210}],"clickable":true,"contentDesc":"","depth":11,"height":1710,"isList":false,"nodeRelateHash":210400592,"path":"/FrameLayout/LinearLayout/FrameLayout/LinearLayout/FrameLayout/DrawerLayout/ViewGroup/ViewGroup/FrameLayout/LinearLayout/FrameLayout","resourceID":"android:id/list_container","total_view":24,"viewNodeIDRelative":0,"viewTag":"android.widget.FrameLayout","viewText":"","webContent":false,"width":1080,"x":0,"xpath":"/FrameLayout/LinearLayout/FrameLayout/LinearLayout/FrameLayout/DrawerLayout/ViewGroup/ViewGroup/FrameLayout/LinearLayout/FrameLayout","y":210}],"clickable":true,"contentDesc":"","depth":10,"height":1710,"isList":false,"nodeRelateHash":-1627336267,"path":"/FrameLayout/LinearLayout/FrameLayout/LinearLayout/FrameLayout/DrawerLayout/ViewGroup/ViewGroup/FrameLayout/LinearLayout","resourceID":"","total_view":25,"viewNodeIDRelative":0,"viewTag":"android.widget.LinearLayout","viewText":"","webContent":false,"width":1080,"x":0,"xpath":"/FrameLayout/LinearLayout/FrameLayout/LinearLayout/FrameLayout/DrawerLayout/ViewGroup/ViewGroup/FrameLayout/LinearLayout","y":210}],"clickable":true,"contentDesc":"","depth":9,"height":1710,"isList":false,"nodeRelateHash":-644829576,"path":"/FrameLayout/LinearLayout/FrameLayout/LinearLayout/FrameLayout/DrawerLayout/ViewGroup/ViewGroup/FrameLayout","resourceID":"com.flauschcode.broccoli:id/nav_host_fragment","total_view":26,"viewNodeIDRelative":0,"viewTag":"android.widget.FrameLayout","viewText":"","webContent":false,"width":1080,"x":0,"xpath":"/FrameLayout/LinearLayout/FrameLayout/LinearLayout/FrameLayout/DrawerLayout/ViewGroup/ViewGroup/FrameLayout","y":210}],"clickable":true,"contentDesc":"","depth":8,"height":1710,"isList":false,"nodeRelateHash":-1494765238,"path":"/FrameLayout/LinearLayout/FrameLayout/LinearLayout/FrameLayout/DrawerLayout/ViewGroup/ViewGroup","resourceID":"","total_view":27,"viewNodeIDRelative":0,"viewTag":"android.view.ViewGroup","viewText":"","webContent":false,"width":1080,"x":0,"xpath":"/FrameLayout/LinearLayout/FrameLayout/LinearLayout/FrameLayout/DrawerLayout/ViewGroup/ViewGroup","y":210},{"children":[{"children":[{"children":[],"clickable":true,"contentDesc":"Open navigation drawer","depth":10,"height":147,"isList":false,"nodeRelateHash":-1405821095,"path":"/FrameLayout/LinearLayout/FrameLayout/LinearLayout/FrameLayout/DrawerLayout/ViewGroup/LinearLayout/ViewGroup/ImageButton","resourceID":"","total_view":1,"viewNodeIDRelative":0,"viewTag":"android.widget.ImageButton","viewText":"","webContent":false,"width":147,"x":0,"xpath":"/FrameLayout/LinearLayout/FrameLayout/LinearLayout/FrameLayout/DrawerLayout/ViewGroup/LinearLayout/ViewGroup/ImageButton","y":63},{"children":[],"clickable":true,"contentDesc":"","depth":10,"height":71,"isList":false,"nodeRelateHash":-1405493394,"path":"/FrameLayout/LinearLayout/FrameLayout/LinearLayout/FrameLayout/DrawerLayout/ViewGroup/LinearLayout/ViewGroup/TextView","resourceID":"","total_view":1,"viewNodeIDRelative":0,"viewTag":"android.widget.TextView","viewText":"Backup and restore","webContent":false,"width":472,"x":189,"xpath":"/FrameLayout/LinearLayout/FrameLayout/LinearLayout/FrameLayout/DrawerLayout/ViewGroup/LinearLayout/ViewGroup/TextView","y":101}],"clickable":true,"contentDesc":"","depth":9,"height":147,"isList":false,"nodeRelateHash":-227641288,"path":"/FrameLayout/LinearLayout/FrameLayout/LinearLayout/FrameLayout/DrawerLayout/ViewGroup/LinearLayout/ViewGroup","resourceID":"com.flauschcode.broccoli:id/toolbar","total_view":3,"viewNodeIDRelative":0,"viewTag":"android.view.ViewGroup","viewText":"","webContent":false,"width":1080,"x":0,"xpath":"/FrameLayout/LinearLayout/FrameLayout/LinearLayout/FrameLayout/DrawerLayout/ViewGroup/LinearLayout/ViewGroup","y":63}],"clickable":true,"contentDesc":"","depth":8,"height":147,"isList":false,"nodeRelateHash":-1305172598,"path":"/FrameLayout/LinearLayout/FrameLayout/LinearLayout/FrameLayout/DrawerLayout/ViewGroup/LinearLayout","resourceID":"","total_view":4,"viewNodeIDRelative":0,"viewTag":"android.widget.LinearLayout","viewText":"","webContent":false,"width":1080,"x":0,"xpath":"/FrameLayout/LinearLayout/FrameLayout/LinearLayout/FrameLayout/DrawerLayout/ViewGroup/LinearLayout","y":63}],"clickable":true,"contentDesc":"","depth":7,"height":1857,"isList":false,"nodeRelateHash":465624443,"path":"/FrameLayout/LinearLayout/FrameLayout/LinearLayout/FrameLayout/DrawerLayout/ViewGroup","resourceID":"","total_view":32,"viewNodeIDRelative":0,"viewTag":"android.view.ViewGroup","viewText":"","webContent":false,"width":1080,"x":0,"xpath":"/FrameLayout/LinearLayout/FrameLayout/LinearLayout/FrameLayout/DrawerLayout/ViewGroup","y":63}],"clickable":true,"contentDesc":"","depth":6,"height":1920,"isList":false,"nodeRelateHash":1050557909,"path":"/FrameLayout/LinearLayout/FrameLayout/LinearLayout/FrameLayout/DrawerLayout","resourceID":"com.flauschcode.broccoli:id/drawer_layout","total_view":33,"viewNodeIDRelative":0,"viewTag":"androidx.drawerlayout.widget.DrawerLayout","viewText":"","webContent":false,"width":1080,"x":0,"xpath":"/FrameLayout/LinearLayout/FrameLayout/LinearLayout/FrameLayout/DrawerLayout","y":0}],"clickable":true,"contentDesc":"","depth":5,"height":1920,"isList":false,"nodeRelateHash":-926595331,"path":"/FrameLayout/LinearLayout/FrameLayout/LinearLayout/FrameLayout","resourceID":"android:id/content","total_view":34,"viewNodeIDRelative":0,"viewTag":"android.widget.FrameLayout","viewText":"","webContent":false,"width":1080,"x":0,"xpath":"/FrameLayout/LinearLayout/FrameLayout/LinearLayout/FrameLayout","y":0}],"clickable":true,"contentDesc":"","depth":4,"height":1920,"isList":false,"nodeRelateHash":908990925,"path":"/FrameLayout/LinearLayout/FrameLayout/LinearLayout","resourceID":"com.flauschcode.broccoli:id/action_bar_root","total_view":35,"viewNodeIDRelative":0,"viewTag":"android.widget.LinearLayout","viewText":"","webContent":false,"width":1080,"x":0,"xpath":"/FrameLayout/LinearLayout/FrameLayout/LinearLayout","y":0}],"clickable":true,"contentDesc":"","depth":3,"height":1920,"isList":false,"nodeRelateHash":-643181385,"path":"/FrameLayout/LinearLayout/FrameLayout","resourceID":"","total_view":36,"viewNodeIDRelative":0,"viewTag":"android.widget.FrameLayout","viewText":"","webContent":false,"width":1080,"x":0,"xpath":"/FrameLayout/LinearLayout/FrameLayout","y":0}],"clickable":true,"contentDesc":"","depth":2,"height":1920,"isList":false,"nodeRelateHash":2042872937,"path":"/FrameLayout/LinearLayout","resourceID":"","total_view":37,"viewNodeIDRelative":0,"viewTag":"android.widget.LinearLayout","viewText":"","webContent":false,"width":1080,"x":0,"xpath":"/FrameLayout/LinearLayout","y":0}],"clickable":true,"contentDesc":"","depth":1,"height":1920,"isList":false,"nodeRelateHash":1889511962,"path":"/FrameLayout","resourceID":"","total_view":38,"viewNodeIDRelative":0,"viewTag":"android.widget.FrameLayout","viewText":"","webContent":false,"width":1080,"x":0,"xpath":"/FrameLayout","y":0}],"clickable":false,"depth":0,"height":0,"isList":false,"nodeRelateHash":247885032,"path":"","total_view":38,"viewNodeIDRelative":0,"webContent":false,"width":0,"x":0,"xpath":"","y":0},"totalViewCount":38,"treeStructureHash":247885032}