{"Deeplink":"","activityName":"MainActivity","clickable_list":["/FrameLayout/LinearLayout/FrameLayout/LinearLayout/FrameLayout/DrawerLayout/ViewGroup/LinearLayout/ViewGroup/ImageButton","/FrameLayout/LinearLayout/FrameLayout/LinearLayout/FrameLayout/DrawerLayout/ViewGroup/LinearLayout/ViewGroup/TextView","/FrameLayout/LinearLayout/FrameLayout/LinearLayout/FrameLayout/DrawerLayout/FrameLayout/RecyclerView/LinearLayoutCompat/CheckedTextView","/FrameLayout/LinearLayout/FrameLayout/LinearLayout/FrameLayout/DrawerLayout/FrameLayout/RecyclerView/FrameLayout/View","/FrameLayout/LinearLayout/FrameLayout/LinearLayout/FrameLayout/DrawerLayout/FrameLayout/RecyclerView/LinearLayout/LinearLayout/ImageView","/FrameLayout/LinearLayout/FrameLayout/LinearLayout/FrameLayout/DrawerLayout/FrameLayout/RecyclerView/LinearLayout/LinearLayout/TextView","/FrameLayout/LinearLayout/FrameLayout/LinearLayout/FrameLayout/DrawerLayout/ViewGroup/ViewGroup/FrameLayout/LinearLayout/FrameLayout/RecyclerView/LinearLayout/RelativeLayout/TextView","/FrameLayout/LinearLayout/FrameLayout/LinearLayout/FrameLayout/DrawerLayout/ViewGroup/ViewGroup/FrameLayout/LinearLayout/FrameLayout/RecyclerView/LinearLayout/LinearLayout/ImageView"],"deeplink":"","hasWebview":false,"relativeCount":0,"root":{"children":[{"children":[{"children":[{"children":[{"children":[{"children":[{"children":[{"children":[{"children":[{"children":[{"children":[{"children":[{"children":[{"children":[{"children":[{"children":[],"clickable":true,"contentDesc":"","depth":15,"height":51,"isList":false,"nodeRelateHash":-1405493389,"path":"/FrameLayout/LinearLayout/FrameLayout/LinearLayout/FrameLayout/DrawerLayout/ViewGroup/ViewGroup/FrameLayout/LinearLayout/FrameLayout/RecyclerView/LinearLayout/RelativeLayout/TextView","resourceID":"android:id/title","total_view":1,"viewNodeIDRelative":0,"viewTag":"android.widget.TextView","viewText":"Backup","webContent":false,"width":996,"x":42,"xpath":"/FrameLayout/LinearLayout/FrameLayout/LinearLayout/FrameLayout/DrawerLayout/ViewGroup/ViewGroup/FrameLayout/LinearLayout/FrameLayout/RecyclerView/LinearLayout/RelativeLayout/TextView","y":273}],"clickable":true,"contentDesc":"","depth":14,"height":93,"isList":false,"nodeRelateHash":-191099001,"path":"/FrameLayout/LinearLayout/FrameLayout/LinearLayout/FrameLayout/DrawerLayout/ViewGroup/ViewGroup/FrameLayout/LinearLayout/FrameLayout/RecyclerView/LinearLayout/RelativeLayout","resourceID":"","total_view":2,"viewNodeIDRelative":0,"viewTag":"android.widget.RelativeLayout","viewText":"","webContent":false,"width":996,"x":42,"xpath":"/FrameLayout/LinearLayout/FrameLayout/LinearLayout/FrameLayout/DrawerLayout/ViewGroup/ViewGroup/FrameLayout/LinearLayout/FrameLayout/RecyclerView/LinearLayout/RelativeLayout","y":252}],"clickable":true,"contentDesc":"","depth":13,"height":93,"isList":false,"nodeRelateHash":1125166294,"path":"/FrameLayout/LinearLayout/FrameLayout/LinearLayout/FrameLayout/DrawerLayout/ViewGroup/ViewGroup/FrameLayout/LinearLayout/FrameLayout/RecyclerView/LinearLayout","resourceID":"","total_view":3,"viewNodeIDRelative":0,"viewTag":"android.widget.LinearLayout","viewText":"","webContent":false,"width":1080,"x":0,"xpath":"/FrameLayout/LinearLayout/FrameLayout/LinearLayout/FrameLayout/DrawerLayout/ViewGroup/ViewGroup/FrameLayout/LinearLayout/FrameLayout/RecyclerView/LinearLayout","y":252},{"children":[{"children":[{"children":[],"clickable":true,"contentDesc":"","depth":15,"height":57,"isList":false,"nodeRelateHash":-1405493389,"path":"/FrameLayout/LinearLayout/FrameLayout/LinearLayout/FrameLayout/DrawerLayout/ViewGroup/ViewGroup/FrameLayout/LinearLayout/FrameLayout/RecyclerView/LinearLayout/RelativeLayout/TextView","resourceID":"android:id/title","total_view":1,"viewNodeIDRelative":0,"viewTag":"android.widget.TextView","viewText":"Last backup","webContent":false,"width":229,"x":189,"xpath":"/FrameLayout/LinearLayout/FrameLayout/LinearLayout/FrameLayout/DrawerLayout/ViewGroup/ViewGroup/FrameLayout/LinearLayout/FrameLayout/RecyclerView/LinearLayout/RelativeLayout/TextView","y":622},{"children":[],"clickable":true,"contentDesc":"","depth":15,"height":51,"isList":false,"nodeRelateHash":-1405493389,"path":"/FrameLayout/LinearLayout/FrameLayout/LinearLayout/FrameLayout/DrawerLayout/ViewGroup/ViewGroup/FrameLayout/LinearLayout/FrameLayout/RecyclerView/LinearLayout/RelativeLayout/TextView","resourceID":"android:id/summary","total_view":1,"viewNodeIDRelative":0,"viewTag":"android.widget.TextView","viewText":"2/3/24","webContent":false,"width":114,"x":189,"xpath":"/FrameLayout/LinearLayout/FrameLayout/LinearLayout/FrameLayout/DrawerLayout/ViewGroup/ViewGroup/FrameLayout/LinearLayout/FrameLayout/RecyclerView/LinearLayout/RelativeLayout/TextView","y":679}],"clickable":true,"contentDesc":"","depth":14,"height":192,"isList":false,"nodeRelateHash":-191099001,"path":"/FrameLayout/LinearLayout/FrameLayout/LinearLayout/FrameLayout/DrawerLayout/ViewGroup/ViewGroup/FrameLayout/LinearLayout/FrameLayout/RecyclerView/LinearLayout/RelativeLayout","resourceID":"","total_view":3,"viewNodeIDRelative":0,"viewTag":"android.widget.RelativeLayout","viewText":"","webContent":false,"width":849,"x":189,"xpath":"/FrameLayout/LinearLayout/FrameLayout/LinearLayout/FrameLayout/DrawerLayout/ViewGroup/ViewGroup/FrameLayout/LinearLayout/FrameLayout/RecyclerView/LinearLayout/RelativeLayout","y":580}],"clickable":true,"contentDesc":"","depth":13,"height":192,"isList":false,"nodeRelateHash":1125166294,"path":"/FrameLayout/LinearLayout/FrameLayout/LinearLayout/FrameLayout/DrawerLayout/ViewGroup/ViewGroup/FrameLayout/LinearLayout/FrameLayout/RecyclerView/LinearLayout","resourceID":"","total_view":4,"viewNodeIDRelative":0,"viewTag":"android.widget.LinearLayout","viewText":"","webContent":false,"width":1080,"x":0,"xpath":"/FrameLayout/LinearLayout/FrameLayout/LinearLayout/FrameLayout/DrawerLayout/ViewGroup/ViewGroup/FrameLayout/LinearLayout/FrameLayout/RecyclerView/LinearLayout","y":580},{"children":[{"children":[{"children":[],"clickable":true,"contentDesc":"","depth":15,"height":51,"isList":false,"nodeRelateHash":-1405493389,"path":"/FrameLayout/LinearLayout/FrameLayout/LinearLayout/FrameLayout/DrawerLayout/ViewGroup/ViewGroup/FrameLayout/LinearLayout/FrameLayout/RecyclerView/LinearLayout/RelativeLayout/TextView","resourceID":"android:id/title","total_view":1,"viewNodeIDRelative":0,"viewTag":"android.widget.TextView","viewText":"Restore","webContent":false,"width":996,"x":42,"xpath":"/FrameLayout/LinearLayout/FrameLayout/LinearLayout/FrameLayout/DrawerLayout/ViewGroup/ViewGroup/FrameLayout/LinearLayout/FrameLayout/RecyclerView/LinearLayout/RelativeLayout/TextView","y":835}],"clickable":true,"contentDesc":"","depth":14,"height":93,"isList":false,"nodeRelateHash":-191099001,"path":"/FrameLayout/LinearLayout/FrameLayout/LinearLayout/FrameLayout/DrawerLayout/ViewGroup/ViewGroup/FrameLayout/LinearLayout/FrameLayout/RecyclerView/LinearLayout/RelativeLayout","resourceID":"","total_view":2,"viewNodeIDRelative":0,"viewTag":"android.widget.RelativeLayout","viewText":"","webContent":false,"width":996,"x":42,"xpath":"/FrameLayout/LinearLayout/FrameLayout/LinearLayout/FrameLayout/DrawerLayout/ViewGroup/ViewGroup/FrameLayout/LinearLayout/FrameLayout/RecyclerView/LinearLayout/RelativeLayout","y":814}],"clickable":true,"contentDesc":"","depth":13,"height":93,"isList":false,"nodeRelateHash":1125166294,"path":"/FrameLayout/LinearLayout/FrameLayout/LinearLayout/FrameLayout/DrawerLayout/ViewGroup/ViewGroup/FrameLayout/LinearLayout/FrameLayout/RecyclerView/LinearLayout","resourceID":"","total_view":3,"viewNodeIDRelative":0,"viewTag":"android.widget.LinearLayout","viewText":"","webContent":false,"width":1080,"x":0,"xpath":"/FrameLayout/LinearLayout/FrameLayout/LinearLayout/FrameLayout/DrawerLayout/ViewGroup/ViewGroup/FrameLayout/LinearLayout/FrameLayout/RecyclerView/LinearLayout","y":814},{"children":[{"children":[{"children":[],"clickable":true,"contentDesc":"","depth":15,"height":63,"isList":false,"nodeRelateHash":-1405821090,"path":"/FrameLayout/LinearLayout/FrameLayout/LinearLayout/FrameLayout/DrawerLayout/ViewGroup/ViewGroup/FrameLayout/LinearLayout/FrameLayout/RecyclerView/LinearLayout/LinearLayout/ImageView","resourceID":"android:id/icon","total_view":1,"viewNodeIDRelative":0,"viewTag":"android.widget.ImageView","viewText":"","webContent":false,"width":63,"x":42,"xpath":"/FrameLayout/LinearLayout/FrameLayout/LinearLayout/FrameLayout/DrawerLayout/ViewGroup/ViewGroup/FrameLayout/LinearLayout/FrameLayout/RecyclerView/LinearLayout/LinearLayout/ImageView","y":431}],"clickable":true,"contentDesc":"","depth":14,"height":85,"isList":false,"nodeRelateHash":-538485749,"path":"/FrameLayout/LinearLayout/FrameLayout/LinearLayout/FrameLayout/DrawerLayout/ViewGroup/ViewGroup/FrameLayout/LinearLayout/FrameLayout/RecyclerView/LinearLayout/LinearLayout","resourceID":"com.flauschcode.broccoli:id/icon_frame","total_view":2,"viewNodeIDRelative":0,"viewTag":"android.widget.LinearLayout","viewText":"","webContent":false,"width":147,"x":42,"xpath":"/FrameLayout/LinearLayout/FrameLayout/LinearLayout/FrameLayout/DrawerLayout/ViewGroup/ViewGroup/FrameLayout/LinearLayout/FrameLayout/RecyclerView/LinearLayout/LinearLayout","y":420},{"children":[{"children":[],"clickable":true,"contentDesc":"","depth":15,"height":57,"isList":false,"nodeRelateHash":-1405493389,"path":"/FrameLayout/LinearLayout/FrameLayout/LinearLayout/FrameLayout/DrawerLayout/ViewGroup/ViewGroup/FrameLayout/LinearLayout/FrameLayout/RecyclerView/LinearLayout/RelativeLayout/TextView","resourceID":"android:id/title","total_view":1,"viewNodeIDRelative":0,"viewTag":"android.widget.TextView","viewText":"Backup recipes","webContent":false,"width":285,"x":189,"xpath":"/FrameLayout/LinearLayout/FrameLayout/LinearLayout/FrameLayout/DrawerLayout/ViewGroup/ViewGroup/FrameLayout/LinearLayout/FrameLayout/RecyclerView/LinearLayout/RelativeLayout/TextView","y":387},{"children":[],"clickable":true,"contentDesc":"","depth":15,"height":94,"isList":false,"nodeRelateHash":-1405493389,"path":"/FrameLayout/LinearLayout/FrameLayout/LinearLayout/FrameLayout/DrawerLayout/ViewGroup/ViewGroup/FrameLayout/LinearLayout/FrameLayout/RecyclerView/LinearLayout/RelativeLayout/TextView","resourceID":"android:id/summary","total_view":1,"viewNodeIDRelative":0,"viewTag":"android.widget.TextView","viewText":"Export all your recipes and categories and save them wherever you want.","webContent":false,"width":849,"x":189,"xpath":"/FrameLayout/LinearLayout/FrameLayout/LinearLayout/FrameLayout/DrawerLayout/ViewGroup/ViewGroup/FrameLayout/LinearLayout/FrameLayout/RecyclerView/LinearLayout/RelativeLayout/TextView","y":444}],"clickable":true,"contentDesc":"","depth":14,"height":235,"isList":false,"nodeRelateHash":-191099001,"path":"/FrameLayout/LinearLayout/FrameLayout/LinearLayout/FrameLayout/DrawerLayout/ViewGroup/ViewGroup/FrameLayout/LinearLayout/FrameLayout/RecyclerView/LinearLayout/RelativeLayout","resourceID":"","total_view":3,"viewNodeIDRelative":0,"viewTag":"android.widget.RelativeLayout","viewText":"","webContent":false,"width":849,"x":189,"xpath":"/FrameLayout/LinearLayout/FrameLayout/LinearLayout/FrameLayout/DrawerLayout/ViewGroup/ViewGroup/FrameLayout/LinearLayout/FrameLayout/RecyclerView/LinearLayout/RelativeLayout","y":345}],"clickable":true,"contentDesc":"","depth":13,"height":235,"isList":false,"nodeRelateHash":1997379854,"path":"/FrameLayout/LinearLayout/FrameLayout/LinearLayout/FrameLayout/DrawerLayout/ViewGroup/ViewGroup/FrameLayout/LinearLayout/FrameLayout/RecyclerView/LinearLayout","resourceID":"","total_view":6,"viewNodeIDRelative":0,"viewTag":"android.widget.LinearLayout","viewText":"","webContent":false,"width":1080,"x":0,"xpath":"/FrameLayout/LinearLayout/FrameLayout/LinearLayout/FrameLayout/DrawerLayout/ViewGroup/ViewGroup/FrameLayout/LinearLayout/FrameLayout/RecyclerView/LinearLayout","y":345},{"children":[{"children":[{"children":[],"clickable":true,"contentDesc":"","depth":15,"height":63,"isList":false,"nodeRelateHash":-1405821090,"path":"/FrameLayout/LinearLayout/FrameLayout/LinearLayout/FrameLayout/DrawerLayout/ViewGroup/ViewGroup/FrameLayout/LinearLayout/FrameLayout/RecyclerView/LinearLayout/LinearLayout/ImageView","resourceID":"android:id/icon","total_view":1,"viewNodeIDRelative":0,"viewTag":"android.widget.ImageView","viewText":"","webContent":false,"width":63,"x":42,"xpath":"/FrameLayout/LinearLayout/FrameLayout/LinearLayout/FrameLayout/DrawerLayout/ViewGroup/ViewGroup/FrameLayout/LinearLayout/FrameLayout/RecyclerView/LinearLayout/LinearLayout/ImageView","y":993}],"clickable":true,"contentDesc":"","depth":14,"height":85,"isList":false,"nodeRelateHash":-538485749,"path":"/FrameLayout/LinearLayout/FrameLayout/LinearLayout/FrameLayout/DrawerLayout/ViewGroup/ViewGroup/FrameLayout/LinearLayout/FrameLayout/RecyclerView/LinearLayout/LinearLayout","resourceID":"com.flauschcode.broccoli:id/icon_frame","total_view":2,"viewNodeIDRelative":0,"viewTag":"android.widget.LinearLayout","viewText":"","webContent":false,"width":147,"x":42,"xpath":"/FrameLayout/LinearLayout/FrameLayout/LinearLayout/FrameLayout/DrawerLayout/ViewGroup/ViewGroup/FrameLayout/LinearLayout/FrameLayout/RecyclerView/LinearLayout/LinearLayout","y":982},{"children":[{"children":[],"clickable":true,"contentDesc":"","depth":15,"height":57,"isList":false,"nodeRelateHash":-1405493389,"path":"/FrameLayout/LinearLayout/FrameLayout/LinearLayout/FrameLayout/DrawerLayout/ViewGroup/ViewGroup/FrameLayout/LinearLayout/FrameLayout/RecyclerView/LinearLayout/RelativeLayout/TextView","resourceID":"android:id/title","total_view":1,"viewNodeIDRelative":0,"viewTag":"android.widget.TextView","viewText":"Restore recipes","webContent":false,"width":289,"x":189,"xpath":"/FrameLayout/LinearLayout/FrameLayout/LinearLayout/FrameLayout/DrawerLayout/ViewGroup/ViewGroup/FrameLayout/LinearLayout/FrameLayout/RecyclerView/LinearLayout/RelativeLayout/TextView","y":949},{"children":[],"clickable":true,"contentDesc":"","depth":15,"height":94,"isList":false,"nodeRelateHash":-1405493389,"path":"/FrameLayout/LinearLayout/FrameLayout/LinearLayout/FrameLayout/DrawerLayout/ViewGroup/ViewGroup/FrameLayout/LinearLayout/FrameLayout/RecyclerView/LinearLayout/RelativeLayout/TextView","resourceID":"android:id/summary","total_view":1,"viewNodeIDRelative":0,"viewTag":"android.widget.TextView","viewText":"Import all recipes and categories from a backup file.","webContent":false,"width":849,"x":189,"xpath":"/FrameLayout/LinearLayout/FrameLayout/LinearLayout/FrameLayout/DrawerLayout/ViewGroup/ViewGroup/FrameLayout/LinearLayout/FrameLayout/RecyclerView/LinearLayout/RelativeLayout/TextView","y":1006}],"clickable":true,"contentDesc":"","depth":14,"height":235,"isList":false,"nodeRelateHash":-191099001,"path":"/FrameLayout/LinearLayout/FrameLayout/LinearLayout/FrameLayout/DrawerLayout/ViewGroup/ViewGroup/FrameLayout/LinearLayout/FrameLayout/RecyclerView/LinearLayout/RelativeLayout","resourceID":"","total_view":3,"viewNodeIDRelative":0,"viewTag":"android.widget.RelativeLayout","viewText":"","webContent":false,"width":849,"x":189,"xpath":"/FrameLayout/LinearLayout/FrameLayout/LinearLayout/FrameLayout/DrawerLayout/ViewGroup/ViewGroup/FrameLayout/LinearLayout/FrameLayout/RecyclerView/LinearLayout/RelativeLayout","y":907}],"clickable":true,"contentDesc":"","depth":13,"height":235,"isList":false,"nodeRelateHash":1997379854,"path":"/FrameLayout/LinearLayout/FrameLayout/LinearLayout/FrameLayout/DrawerLayout/ViewGroup/ViewGroup/FrameLayout/LinearLayout/FrameLayout/RecyclerView/LinearLayout","resourceID":"","total_view":6,"viewNodeIDRelative":0,"viewTag":"android.widget.LinearLayout","viewText":"","webContent":false,"width":1080,"x":0,"xpath":"/FrameLayout/LinearLayout/FrameLayout/LinearLayout/FrameLayout/DrawerLayout/ViewGroup/ViewGroup/FrameLayout/LinearLayout/FrameLayout/RecyclerView/LinearLayout","y":907}],"clickable":true,"contentDesc":"","depth":12,"height":1710,"isList":true,"nodeRelateHash":-1350155543,"path":"/FrameLayout/LinearLayout/FrameLayout/LinearLayout/FrameLayout/DrawerLayout/ViewGroup/ViewGroup/FrameLayout/LinearLayout/FrameLayout/RecyclerView","resourceID":"com.flauschcode.broccoli:id/recycler_view","total_view":23,"viewNodeIDRelative":0,"viewTag":"androidx.recyclerview.widget.RecyclerView","viewText":"","webContent":false,"width":1080,"x":0,"xpath":"/FrameLayout/LinearLayout/FrameLayout/LinearLayout/FrameLayout/DrawerLayout/ViewGroup/ViewGroup/FrameLayout/LinearLayout/FrameLayout/RecyclerView","y":210}],"clickable":true,"contentDesc":"","depth":11,"height":1710,"isList":false,"nodeRelateHash":210400592,"path":"/FrameLayout/LinearLayout/FrameLayout/LinearLayout/FrameLayout/DrawerLayout/ViewGroup/ViewGroup/FrameLayout/LinearLayout/FrameLayout","resourceID":"android:id/list_container","total_view":24,"viewNodeIDRelative":0,"viewTag":"android.widget.FrameLayout","viewText":"","webContent":false,"width":1080,"x":0,"xpath":"/FrameLayout/LinearLayout/FrameLayout/LinearLayout/FrameLayout/DrawerLayout/ViewGroup/ViewGroup/FrameLayout/LinearLayout/FrameLayout","y":210}],"clickable":true,"contentDesc":"","depth":10,"height":1710,"isList":false,"nodeRelateHash":-1627336267,"path":"/FrameLayout/LinearLayout/FrameLayout/LinearLayout/FrameLayout/DrawerLayout/ViewGroup/ViewGroup/FrameLayout/LinearLayout","resourceID":"","total_view":25,"viewNodeIDRelative":0,"viewTag":"android.widget.LinearLayout","viewText":"","webContent":false,"width":1080,"x":0,"xpath":"/FrameLayout/LinearLayout/FrameLayout/LinearLayout/FrameLayout/DrawerLayout/ViewGroup/ViewGroup/FrameLayout/LinearLayout","y":210}],"clickable":true,"contentDesc":"","depth":9,"height":1710,"isList":false,"nodeRelateHash":-644829576,"path":"/FrameLayout/LinearLayout/FrameLayout/LinearLayout/FrameLayout/DrawerLayout/ViewGroup/ViewGroup/FrameLayout","resourceID":"com.flauschcode.broccoli:id/nav_host_fragment","total_view":26,"viewNodeIDRelative":0,"viewTag":"android.widget.FrameLayout","viewText":"","webContent":false,"width":1080,"x":0,"xpath":"/FrameLayout/LinearLayout/FrameLayout/LinearLayout/FrameLayout/DrawerLayout/ViewGroup/ViewGroup/FrameLayout","y":210}],"clickable":true,"contentDesc":"","depth":8,"height":1710,"isList":false,"nodeRelateHash":-1494765238,"path":"/FrameLayout/LinearLayout/FrameLayout/LinearLayout/FrameLayout/DrawerLayout/ViewGroup/ViewGroup","resourceID":"","total_view":27,"viewNodeIDRelative":0,"viewTag":"android.view.ViewGroup","viewText":"","webContent":false,"width":1080,"x":0,"xpath":"/FrameLayout/LinearLayout/FrameLayout/LinearLayout/FrameLayout/DrawerLayout/ViewGroup/ViewGroup","y":210},{"children":[{"children":[{"children":[],"clickable":true,"contentDesc":"Open navigation drawer","depth":10,"height":147,"isList":false,"nodeRelateHash":-1405821095,"path":"/FrameLayout/LinearLayout/FrameLayout/LinearLayout/FrameLayout/DrawerLayout/ViewGroup/LinearLayout/ViewGroup/ImageButton","resourceID":"","total_view":1,"viewNodeIDRelative":0,"viewTag":"android.widget.ImageButton","viewText":"","webContent":false,"width":147,"x":0,"xpath":"/FrameLayout/LinearLayout/FrameLayout/LinearLayout/FrameLayout/DrawerLayout/ViewGroup/LinearLayout/ViewGroup/ImageButton","y":63},{"children":[],"clickable":true,"contentDesc":"","depth":10,"height":71,"isList":false,"nodeRelateHash":-1405493394,"path":"/FrameLayout/LinearLayout/FrameLayout/LinearLayout/FrameLayout/DrawerLayout/ViewGroup/LinearLayout/ViewGroup/TextView","resourceID":"","total_view":1,"viewNodeIDRelative":0,"viewTag":"android.widget.TextView","viewText":"Backup and restore","webContent":false,"width":472,"x":189,"xpath":"/FrameLayout/LinearLayout/FrameLayout/LinearLayout/FrameLayout/DrawerLayout/ViewGroup/LinearLayout/ViewGroup/TextView","y":101}],"clickable":true,"contentDesc":"","depth":9,"height":147,"isList":false,"nodeRelateHash":-227641288,"path":"/FrameLayout/LinearLayout/FrameLayout/LinearLayout/FrameLayout/DrawerLayout/ViewGroup/LinearLayout/ViewGroup","resourceID":"com.flauschcode.broccoli:id/toolbar","total_view":3,"viewNodeIDRelative":0,"viewTag":"android.view.ViewGroup","viewText":"","webContent":false,"width":1080,"x":0,"xpath":"/FrameLayout/LinearLayout/FrameLayout/LinearLayout/FrameLayout/DrawerLayout/ViewGroup/LinearLayout/ViewGroup","y":63}],"clickable":true,"contentDesc":"","depth":8,"height":147,"isList":false,"nodeRelateHash":-1305172598,"path":"/FrameLayout/LinearLayout/FrameLayout/LinearLayout/FrameLayout/DrawerLayout/ViewGroup/LinearLayout","resourceID":"","total_view":4,"viewNodeIDRelative":0,"viewTag":"android.widget.LinearLayout","viewText":"","webContent":false,"width":1080,"x":0,"xpath":"/FrameLayout/LinearLayout/FrameLayout/LinearLayout/FrameLayout/DrawerLayout/ViewGroup/LinearLayout","y":63}],"clickable":true,"contentDesc":"","depth":7,"height":1857,"isList":false,"nodeRelateHash":465624443,"path":"/FrameLayout/LinearLayout/FrameLayout/LinearLayout/FrameLayout/DrawerLayout/ViewGroup","resourceID":"","total_view":32,"viewNodeIDRelative":0,"viewTag":"android.view.ViewGroup","viewText":"","webContent":false,"width":1080,"x":0,"xpath":"/FrameLayout/LinearLayout/FrameLayout/LinearLayout/FrameLayout/DrawerLayout/ViewGroup","y":63},{"children":[{"children":[{"children":[{"children":[],"clickable":true,"contentDesc":"","depth":10,"height":126,"isList":false,"nodeRelateHash":-1405999841,"path":"/FrameLayout/LinearLayout/FrameLayout/LinearLayout/FrameLayout/DrawerLayout/FrameLayout/RecyclerView/LinearLayoutCompat/CheckedTextView","resourceID":"com.flauschcode.broccoli:id/design_menu_item_text","total_view":1,"viewNodeIDRelative":0,"viewTag":"android.widget.CheckedTextView","viewText":"Recipes","webContent":false,"width":619,"x":58,"xpath":"/FrameLayout/LinearLayout/FrameLayout/LinearLayout/FrameLayout/DrawerLayout/FrameLayout/RecyclerView/LinearLayoutCompat/CheckedTextView","y":483}],"clickable":true,"contentDesc":"","depth":9,"height":126,"isList":false,"nodeRelateHash":1570499696,"path":"/FrameLayout/LinearLayout/FrameLayout/LinearLayout/FrameLayout/DrawerLayout/FrameLayout/RecyclerView/LinearLayoutCompat","resourceID":"com.flauschcode.broccoli:id/nav_recipes","total_view":2,"viewNodeIDRelative":0,"viewTag":"androidx.appcompat.widget.LinearLayoutCompat","viewText":"","webContent":false,"width":735,"x":0,"xpath":"/FrameLayout/LinearLayout/FrameLayout/LinearLayout/FrameLayout/DrawerLayout/FrameLayout/RecyclerView/LinearLayoutCompat","y":483},{"children":[{"children":[],"clickable":true,"contentDesc":"","depth":10,"height":126,"isList":false,"nodeRelateHash":-1405999841,"path":"/FrameLayout/LinearLayout/FrameLayout/LinearLayout/FrameLayout/DrawerLayout/FrameLayout/RecyclerView/LinearLayoutCompat/CheckedTextView","resourceID":"com.flauschcode.broccoli:id/design_menu_item_text","total_view":1,"viewNodeIDRelative":0,"viewTag":"android.widget.CheckedTextView","viewText":"Categories","webContent":false,"width":619,"x":58,"xpath":"/FrameLayout/LinearLayout/FrameLayout/LinearLayout/FrameLayout/DrawerLayout/FrameLayout/RecyclerView/LinearLayoutCompat/CheckedTextView","y":609}],"clickable":true,"contentDesc":"","depth":9,"height":126,"isList":false,"nodeRelateHash":1570499696,"path":"/FrameLayout/LinearLayout/FrameLayout/LinearLayout/FrameLayout/DrawerLayout/FrameLayout/RecyclerView/LinearLayoutCompat","resourceID":"com.flauschcode.broccoli:id/nav_categories","total_view":2,"viewNodeIDRelative":0,"viewTag":"androidx.appcompat.widget.LinearLayoutCompat","viewText":"","webContent":false,"width":735,"x":0,"xpath":"/FrameLayout/LinearLayout/FrameLayout/LinearLayout/FrameLayout/DrawerLayout/FrameLayout/RecyclerView/LinearLayoutCompat","y":609},{"children":[{"children":[],"clickable":true,"contentDesc":"","depth":10,"height":126,"isList":false,"nodeRelateHash":-1405999841,"path":"/FrameLayout/LinearLayout/FrameLayout/LinearLayout/FrameLayout/DrawerLayout/FrameLayout/RecyclerView/LinearLayoutCompat/CheckedTextView","resourceID":"com.flauschcode.broccoli:id/design_menu_item_text","total_view":1,"viewNodeIDRelative":0,"viewTag":"android.widget.CheckedTextView","viewText":"Seasonal calendar","webContent":false,"width":619,"x":58,"xpath":"/FrameLayout/LinearLayout/FrameLayout/LinearLayout/FrameLayout/DrawerLayout/FrameLayout/RecyclerView/LinearLayoutCompat/CheckedTextView","y":735}],"clickable":true,"contentDesc":"","depth":9,"height":126,"isList":false,"nodeRelateHash":1570499696,"path":"/FrameLayout/LinearLayout/FrameLayout/LinearLayout/FrameLayout/DrawerLayout/FrameLayout/RecyclerView/LinearLayoutCompat","resourceID":"com.flauschcode.broccoli:id/nav_seasons","total_view":2,"viewNodeIDRelative":0,"viewTag":"androidx.appcompat.widget.LinearLayoutCompat","viewText":"","webContent":false,"width":735,"x":0,"xpath":"/FrameLayout/LinearLayout/FrameLayout/LinearLayout/FrameLayout/DrawerLayout/FrameLayout/RecyclerView/LinearLayoutCompat","y":735},{"children":[{"children":[],"clickable":true,"contentDesc":"","depth":10,"height":126,"isList":false,"nodeRelateHash":-1405999841,"path":"/FrameLayout/LinearLayout/FrameLayout/LinearLayout/FrameLayout/DrawerLayout/FrameLayout/RecyclerView/LinearLayoutCompat/CheckedTextView","resourceID":"com.flauschcode.broccoli:id/design_menu_item_text","total_view":1,"viewNodeIDRelative":0,"viewTag":"android.widget.CheckedTextView","viewText":"Support the app","webContent":false,"width":619,"x":58,"xpath":"/FrameLayout/LinearLayout/FrameLayout/LinearLayout/FrameLayout/DrawerLayout/FrameLayout/RecyclerView/LinearLayoutCompat/CheckedTextView","y":906}],"clickable":true,"contentDesc":"","depth":9,"height":126,"isList":false,"nodeRelateHash":1570499696,"path":"/FrameLayout/LinearLayout/FrameLayout/LinearLayout/FrameLayout/DrawerLayout/FrameLayout/RecyclerView/LinearLayoutCompat","resourceID":"com.flauschcode.broccoli:id/nav_support","total_view":2,"viewNodeIDRelative":0,"viewTag":"androidx.appcompat.widget.LinearLayoutCompat","viewText":"","webContent":false,"width":735,"x":0,"xpath":"/FrameLayout/LinearLayout/FrameLayout/LinearLayout/FrameLayout/DrawerLayout/FrameLayout/RecyclerView/LinearLayoutCompat","y":906},{"children":[{"children":[],"clickable":true,"contentDesc":"","depth":10,"height":126,"isList":false,"nodeRelateHash":-1405999841,"path":"/FrameLayout/LinearLayout/FrameLayout/LinearLayout/FrameLayout/DrawerLayout/FrameLayout/RecyclerView/LinearLayoutCompat/CheckedTextView","resourceID":"com.flauschcode.broccoli:id/design_menu_item_text","total_view":1,"viewNodeIDRelative":0,"viewTag":"android.widget.CheckedTextView","viewText":"Backup and restore","webContent":false,"width":619,"x":58,"xpath":"/FrameLayout/LinearLayout/FrameLayout/LinearLayout/FrameLayout/DrawerLayout/FrameLayout/RecyclerView/LinearLayoutCompat/CheckedTextView","y":1077}],"clickable":true,"contentDesc":"","depth":9,"height":126,"isList":false,"nodeRelateHash":1570499696,"path":"/FrameLayout/LinearLayout/FrameLayout/LinearLayout/FrameLayout/DrawerLayout/FrameLayout/RecyclerView/LinearLayoutCompat","resourceID":"com.flauschcode.broccoli:id/nav_backup_and_restore","total_view":2,"viewNodeIDRelative":0,"viewTag":"androidx.appcompat.widget.LinearLayoutCompat","viewText":"","webContent":false,"width":735,"x":0,"xpath":"/FrameLayout/LinearLayout/FrameLayout/LinearLayout/FrameLayout/DrawerLayout/FrameLayout/RecyclerView/LinearLayoutCompat","y":1077},{"children":[{"children":[],"clickable":true,"contentDesc":"","depth":10,"height":126,"isList":false,"nodeRelateHash":-1405999841,"path":"/FrameLayout/LinearLayout/FrameLayout/LinearLayout/FrameLayout/DrawerLayout/FrameLayout/RecyclerView/LinearLayoutCompat/CheckedTextView","resourceID":"com.flauschcode.broccoli:id/design_menu_item_text","total_view":1,"viewNodeIDRelative":0,"viewTag":"android.widget.CheckedTextView","viewText":"Settings","webContent":false,"width":619,"x":58,"xpath":"/FrameLayout/LinearLayout/FrameLayout/LinearLayout/FrameLayout/DrawerLayout/FrameLayout/RecyclerView/LinearLayoutCompat/CheckedTextView","y":1203}],"clickable":true,"contentDesc":"","depth":9,"height":126,"isList":false,"nodeRelateHash":1570499696,"path":"/FrameLayout/LinearLayout/FrameLayout/LinearLayout/FrameLayout/DrawerLayout/FrameLayout/RecyclerView/LinearLayoutCompat","resourceID":"com.flauschcode.broccoli:id/nav_settings","total_view":2,"viewNodeIDRelative":0,"viewTag":"androidx.appcompat.widget.LinearLayoutCompat","viewText":"","webContent":false,"width":735,"x":0,"xpath":"/FrameLayout/LinearLayout/FrameLayout/LinearLayout/FrameLayout/DrawerLayout/FrameLayout/RecyclerView/LinearLayoutCompat","y":1203},{"children":[{"children":[],"clickable":true,"contentDesc":"","depth":10,"height":126,"isList":false,"nodeRelateHash":-1405999841,"path":"/FrameLayout/LinearLayout/FrameLayout/LinearLayout/FrameLayout/DrawerLayout/FrameLayout/RecyclerView/LinearLayoutCompat/CheckedTextView","resourceID":"com.flauschcode.broccoli:id/design_menu_item_text","total_view":1,"viewNodeIDRelative":0,"viewTag":"android.widget.CheckedTextView","viewText":"About the app","webContent":false,"width":619,"x":58,"xpath":"/FrameLayout/LinearLayout/FrameLayout/LinearLayout/FrameLayout/DrawerLayout/FrameLayout/RecyclerView/LinearLayoutCompat/CheckedTextView","y":1329}],"clickable":true,"contentDesc":"","depth":9,"height":126,"isList":false,"nodeRelateHash":1570499696,"path":"/FrameLayout/LinearLayout/FrameLayout/LinearLayout/FrameLayout/DrawerLayout/FrameLayout/RecyclerView/LinearLayoutCompat","resourceID":"com.flauschcode.broccoli:id/nav_about","total_view":2,"viewNodeIDRelative":0,"viewTag":"androidx.appcompat.widget.LinearLayoutCompat","viewText":"","webContent":false,"width":735,"x":0,"xpath":"/FrameLayout/LinearLayout/FrameLayout/LinearLayout/FrameLayout/DrawerLayout/FrameLayout/RecyclerView/LinearLayoutCompat","y":1329},{"children":[{"children":[],"clickable":true,"contentDesc":"","depth":10,"height":3,"isList":false,"nodeRelateHash":-1406357333,"path":"/FrameLayout/LinearLayout/FrameLayout/LinearLayout/FrameLayout/DrawerLayout/FrameLayout/RecyclerView/FrameLayout/View","resourceID":"","total_view":1,"viewNodeIDRelative":0,"viewTag":"android.view.View","viewText":"","webContent":false,"width":735,"x":0,"xpath":"/FrameLayout/LinearLayout/FrameLayout/LinearLayout/FrameLayout/DrawerLayout/FrameLayout/RecyclerView/FrameLayout/View","y":882}],"clickable":true,"contentDesc":"","depth":9,"height":45,"isList":false,"nodeRelateHash":-1401167304,"path":"/FrameLayout/LinearLayout/FrameLayout/LinearLayout/FrameLayout/DrawerLayout/FrameLayout/RecyclerView/FrameLayout","resourceID":"","total_view":2,"viewNodeIDRelative":0,"viewTag":"android.widget.FrameLayout","viewText":"","webContent":false,"width":735,"x":0,"xpath":"/FrameLayout/LinearLayout/FrameLayout/LinearLayout/FrameLayout/DrawerLayout/FrameLayout/RecyclerView/FrameLayout","y":861},{"children":[{"children":[],"clickable":true,"contentDesc":"","depth":10,"height":3,"isList":false,"nodeRelateHash":-1406357333,"path":"/FrameLayout/LinearLayout/FrameLayout/LinearLayout/FrameLayout/DrawerLayout/FrameLayout/RecyclerView/FrameLayout/View","resourceID":"","total_view":1,"viewNodeIDRelative":0,"viewTag":"android.view.View","viewText":"","webContent":false,"width":735,"x":0,"xpath":"/FrameLayout/LinearLayout/FrameLayout/LinearLayout/FrameLayout/DrawerLayout/FrameLayout/RecyclerView/FrameLayout/View","y":1053}],"clickable":true,"contentDesc":"","depth":9,"height":45,"isList":false,"nodeRelateHash":-1401167304,"path":"/FrameLayout/LinearLayout/FrameLayout/LinearLayout/FrameLayout/DrawerLayout/FrameLayout/RecyclerView/FrameLayout","resourceID":"","total_view":2,"viewNodeIDRelative":0,"viewTag":"android.widget.FrameLayout","viewText":"","webContent":false,"width":735,"x":0,"xpath":"/FrameLayout/LinearLayout/FrameLayout/LinearLayout/FrameLayout/DrawerLayout/FrameLayout/RecyclerView/FrameLayout","y":1032},{"children":[{"children":[{"children":[],"clickable":true,"contentDesc":"","depth":11,"height":158,"isList":false,"nodeRelateHash":-1405821094,"path":"/FrameLayout/LinearLayout/FrameLayout/LinearLayout/FrameLayout/DrawerLayout/FrameLayout/RecyclerView/LinearLayout/LinearLayout/ImageView","resourceID":"","total_view":1,"viewNodeIDRelative":0,"viewTag":"android.widget.ImageView","viewText":"","webContent":false,"width":158,"x":42,"xpath":"/FrameLayout/LinearLayout/FrameLayout/LinearLayout/FrameLayout/DrawerLayout/FrameLayout/RecyclerView/LinearLayout/LinearLayout/ImageView","y":139},{"children":[],"clickable":true,"contentDesc":"","depth":11,"height":72,"isList":false,"nodeRelateHash":-1405493393,"path":"/FrameLayout/LinearLayout/FrameLayout/LinearLayout/FrameLayout/DrawerLayout/FrameLayout/RecyclerView/LinearLayout/LinearLayout/TextView","resourceID":"","total_view":1,"viewNodeIDRelative":0,"viewTag":"android.widget.TextView","viewText":"Broccoli","webContent":false,"width":651,"x":42,"xpath":"/FrameLayout/LinearLayout/FrameLayout/LinearLayout/FrameLayout/DrawerLayout/FrameLayout/RecyclerView/LinearLayout/LinearLayout/TextView","y":297},{"children":[],"clickable":true,"contentDesc":"","depth":11,"height":51,"isList":false,"nodeRelateHash":-1405493393,"path":"/FrameLayout/LinearLayout/FrameLayout/LinearLayout/FrameLayout/DrawerLayout/FrameLayout/RecyclerView/LinearLayout/LinearLayout/TextView","resourceID":"com.flauschcode.broccoli:id/header_subtitle","total_view":1,"viewNodeIDRelative":0,"viewTag":"android.widget.TextView","viewText":"Free for everyone","webContent":false,"width":287,"x":42,"xpath":"/FrameLayout/LinearLayout/FrameLayout/LinearLayout/FrameLayout/DrawerLayout/FrameLayout/RecyclerView/LinearLayout/LinearLayout/TextView","y":369}],"clickable":true,"contentDesc":"","depth":10,"height":462,"isList":false,"nodeRelateHash":-238293407,"path":"/FrameLayout/LinearLayout/FrameLayout/LinearLayout/FrameLayout/DrawerLayout/FrameLayout/RecyclerView/LinearLayout/LinearLayout","resourceID":"","total_view":4,"viewNodeIDRelative":0,"viewTag":"android.widget.LinearLayout","viewText":"","webContent":false,"width":735,"x":0,"xpath":"/FrameLayout/LinearLayout/FrameLayout/LinearLayout/FrameLayout/DrawerLayout/FrameLayout/RecyclerView/LinearLayout/LinearLayout","y":0}],"clickable":true,"contentDesc":"","depth":9,"height":483,"isList":false,"nodeRelateHash":-581647685,"path":"/FrameLayout/LinearLayout/FrameLayout/LinearLayout/FrameLayout/DrawerLayout/FrameLayout/RecyclerView/LinearLayout","resourceID":"com.flauschcode.broccoli:id/navigation_header_container","total_view":5,"viewNodeIDRelative":0,"viewTag":"android.widget.LinearLayout","viewText":"","webContent":false,"width":735,"x":0,"xpath":"/FrameLayout/LinearLayout/FrameLayout/LinearLayout/FrameLayout/DrawerLayout/FrameLayout/RecyclerView/LinearLayout","y":0}],"clickable":true,"contentDesc":"","depth":8,"height":1920,"isList":true,"nodeRelateHash":-1886238178,"path":"/FrameLayout/LinearLayout/FrameLayout/LinearLayout/FrameLayout/DrawerLayout/FrameLayout/RecyclerView","resourceID":"com.flauschcode.broccoli:id/design_navigation_view","total_view":24,"viewNodeIDRelative":0,"viewTag":"androidx.recyclerview.widget.RecyclerView","viewText":"","webContent":false,"width":735,"x":0,"xpath":"/FrameLayout/LinearLayout/FrameLayout/LinearLayout/FrameLayout/DrawerLayout/FrameLayout/RecyclerView","y":0}],"clickable":true,"contentDesc":"","depth":7,"height":1920,"isList":false,"nodeRelateHash":727916595,"path":"/FrameLayout/LinearLayout/FrameLayout/LinearLayout/FrameLayout/DrawerLayout/FrameLayout","resourceID":"com.flauschcode.broccoli:id/nav_view","total_view":25,"viewNodeIDRelative":0,"viewTag":"android.widget.FrameLayout","viewText":"","webContent":false,"width":735,"x":0,"xpath":"/FrameLayout/LinearLayout/FrameLayout/LinearLayout/FrameLayout/DrawerLayout/FrameLayout","y":0}],"clickable":true,"contentDesc":"","depth":6,"height":1920,"isList":false,"nodeRelateHash":-93917510,"path":"/FrameLayout/LinearLayout/FrameLayout/LinearLayout/FrameLayout/DrawerLayout","resourceID":"com.flauschcode.broccoli:id/drawer_layout","total_view":58,"viewNodeIDRelative":0,"viewTag":"androidx.drawerlayout.widget.DrawerLayout","viewText":"","webContent":false,"width":1080,"x":0,"xpath":"/FrameLayout/LinearLayout/FrameLayout/LinearLayout/FrameLayout/DrawerLayout","y":0}],"clickable":true,"contentDesc":"","depth":5,"height":1920,"isList":false,"nodeRelateHash":1829065188,"path":"/FrameLayout/LinearLayout/FrameLayout/LinearLayout/FrameLayout","resourceID":"android:id/content","total_view":59,"viewNodeIDRelative":0,"viewTag":"android.widget.FrameLayout","viewText":"","webContent":false,"width":1080,"x":0,"xpath":"/FrameLayout/LinearLayout/FrameLayout/LinearLayout/FrameLayout","y":0}],"clickable":true,"contentDesc":"","depth":4,"height":1920,"isList":false,"nodeRelateHash":152017037,"path":"/FrameLayout/LinearLayout/FrameLayout/LinearLayout","resourceID":"com.flauschcode.broccoli:id/action_bar_root","total_view":60,"viewNodeIDRelative":0,"viewTag":"android.widget.LinearLayout","viewText":"","webContent":false,"width":1080,"x":0,"xpath":"/FrameLayout/LinearLayout/FrameLayout/LinearLayout","y":0}],"clickable":true,"contentDesc":"","depth":3,"height":1920,"isList":false,"nodeRelateHash":-239235882,"path":"/FrameLayout/LinearLayout/FrameLayout","resourceID":"","total_view":61,"viewNodeIDRelative":0,"viewTag":"android.widget.FrameLayout","viewText":"","webContent":false,"width":1080,"x":0,"xpath":"/FrameLayout/LinearLayout/FrameLayout","y":0}],"clickable":true,"contentDesc":"","depth":2,"height":1920,"isList":false,"nodeRelateHash":-5863836,"path":"/FrameLayout/LinearLayout","resourceID":"","total_view":62,"viewNodeIDRelative":0,"viewTag":"android.widget.LinearLayout","viewText":"","webContent":false,"width":1080,"x":0,"xpath":"/FrameLayout/LinearLayout","y":0}],"clickable":true,"contentDesc":"","depth":1,"height":1920,"isList":false,"nodeRelateHash":-1801199710,"path":"/FrameLayout","resourceID":"","total_view":63,"viewNodeIDRelative":0,"viewTag":"android.widget.FrameLayout","viewText":"","webContent":false,"width":1080,"x":0,"xpath":"/FrameLayout","y":0}],"clickable":false,"depth":0,"height":0,"isList":false,"nodeRelateHash":1314884666,"path":"","total_view":63,"viewNodeIDRelative":0,"webContent":false,"width":0,"x":0,"xpath":"","y":0},"totalViewCount":63,"treeStructureHash":1314884666}