{"Deeplink":"","activityName":"RecipeDetailsActivity}","clickable_list":["/FrameLayout/FrameLayout/ListView/LinearLayout/LinearLayout/RelativeLayout/TextView"],"deeplink":"","hasWebview":false,"relativeCount":0,"root":{"children":[{"children":[{"children":[{"children":[{"children":[{"children":[{"children":[{"children":[],"clickable":true,"contentDesc":"","depth":7,"height":57,"isList":false,"nodeRelateHash":93208840,"path":"/FrameLayout/FrameLayout/ListView/LinearLayout/LinearLayout/RelativeLayout/TextView","resourceID":"com.flauschcode.broccoli:id/title","total_view":1,"viewNodeIDRelative":0,"viewTag":"android.widget.TextView","viewText":"Share","webContent":false,"width":431,"x":597,"xpath":"/FrameLayout/FrameLayout/ListView/LinearLayout/LinearLayout/RelativeLayout/TextView","y":129}],"clickable":true,"contentDesc":"","depth":6,"height":57,"isList":false,"nodeRelateHash":-555436839,"path":"/FrameLayout/FrameLayout/ListView/LinearLayout/LinearLayout/RelativeLayout","resourceID":"","total_view":2,"viewNodeIDRelative":0,"viewTag":"android.widget.RelativeLayout","viewText":"","webContent":false,"width":431,"x":597,"xpath":"/FrameLayout/FrameLayout/ListView/LinearLayout/LinearLayout/RelativeLayout","y":129}],"clickable":true,"contentDesc":"","depth":5,"height":126,"isList":false,"nodeRelateHash":2058714477,"path":"/FrameLayout/FrameLayout/ListView/LinearLayout/LinearLayout","resourceID":"com.flauschcode.broccoli:id/content","total_view":3,"viewNodeIDRelative":0,"viewTag":"android.widget.LinearLayout","viewText":"","webContent":false,"width":515,"x":555,"xpath":"/FrameLayout/FrameLayout/ListView/LinearLayout/LinearLayout","y":95}],"clickable":true,"contentDesc":"","depth":4,"height":126,"isList":false,"nodeRelateHash":1771956888,"path":"/FrameLayout/FrameLayout/ListView/LinearLayout","resourceID":"","total_view":4,"viewNodeIDRelative":0,"viewTag":"android.widget.LinearLayout","viewText":"","webContent":false,"width":515,"x":555,"xpath":"/FrameLayout/FrameLayout/ListView/LinearLayout","y":95},{"children":[{"children":[{"children":[{"children":[],"clickable":true,"contentDesc":"","depth":7,"height":57,"isList":false,"nodeRelateHash":93208840,"path":"/FrameLayout/FrameLayout/ListView/LinearLayout/LinearLayout/RelativeLayout/TextView","resourceID":"com.flauschcode.broccoli:id/title","total_view":1,"viewNodeIDRelative":0,"viewTag":"android.widget.TextView","viewText":"Share as file","webContent":false,"width":431,"x":597,"xpath":"/FrameLayout/FrameLayout/ListView/LinearLayout/LinearLayout/RelativeLayout/TextView","y":255}],"clickable":true,"contentDesc":"","depth":6,"height":57,"isList":false,"nodeRelateHash":-555436839,"path":"/FrameLayout/FrameLayout/ListView/LinearLayout/LinearLayout/RelativeLayout","resourceID":"","total_view":2,"viewNodeIDRelative":0,"viewTag":"android.widget.RelativeLayout","viewText":"","webContent":false,"width":431,"x":597,"xpath":"/FrameLayout/FrameLayout/ListView/LinearLayout/LinearLayout/RelativeLayout","y":255}],"clickable":true,"contentDesc":"","depth":5,"height":126,"isList":false,"nodeRelateHash":2058714477,"path":"/FrameLayout/FrameLayout/ListView/LinearLayout/LinearLayout","resourceID":"com.flauschcode.broccoli:id/content","total_view":3,"viewNodeIDRelative":0,"viewTag":"android.widget.LinearLayout","viewText":"","webContent":false,"width":515,"x":555,"xpath":"/FrameLayout/FrameLayout/ListView/LinearLayout/LinearLayout","y":221}],"clickable":true,"contentDesc":"","depth":4,"height":126,"isList":false,"nodeRelateHash":1771956888,"path":"/FrameLayout/FrameLayout/ListView/LinearLayout","resourceID":"","total_view":4,"viewNodeIDRelative":0,"viewTag":"android.widget.LinearLayout","viewText":"","webContent":false,"width":515,"x":555,"xpath":"/FrameLayout/FrameLayout/ListView/LinearLayout","y":221},{"children":[{"children":[{"children":[{"children":[],"clickable":true,"contentDesc":"","depth":7,"height":57,"isList":false,"nodeRelateHash":93208840,"path":"/FrameLayout/FrameLayout/ListView/LinearLayout/LinearLayout/RelativeLayout/TextView","resourceID":"com.flauschcode.broccoli:id/title","total_view":1,"viewNodeIDRelative":0,"viewTag":"android.widget.TextView","viewText":"Edit","webContent":false,"width":431,"x":597,"xpath":"/FrameLayout/FrameLayout/ListView/LinearLayout/LinearLayout/RelativeLayout/TextView","y":381}],"clickable":true,"contentDesc":"","depth":6,"height":57,"isList":false,"nodeRelateHash":-555436839,"path":"/FrameLayout/FrameLayout/ListView/LinearLayout/LinearLayout/RelativeLayout","resourceID":"","total_view":2,"viewNodeIDRelative":0,"viewTag":"android.widget.RelativeLayout","viewText":"","webContent":false,"width":431,"x":597,"xpath":"/FrameLayout/FrameLayout/ListView/LinearLayout/LinearLayout/RelativeLayout","y":381}],"clickable":true,"contentDesc":"","depth":5,"height":126,"isList":false,"nodeRelateHash":2058714477,"path":"/FrameLayout/FrameLayout/ListView/LinearLayout/LinearLayout","resourceID":"com.flauschcode.broccoli:id/content","total_view":3,"viewNodeIDRelative":0,"viewTag":"android.widget.LinearLayout","viewText":"","webContent":false,"width":515,"x":555,"xpath":"/FrameLayout/FrameLayout/ListView/LinearLayout/LinearLayout","y":347}],"clickable":true,"contentDesc":"","depth":4,"height":126,"isList":false,"nodeRelateHash":1771956888,"path":"/FrameLayout/FrameLayout/ListView/LinearLayout","resourceID":"","total_view":4,"viewNodeIDRelative":0,"viewTag":"android.widget.LinearLayout","viewText":"","webContent":false,"width":515,"x":555,"xpath":"/FrameLayout/FrameLayout/ListView/LinearLayout","y":347},{"children":[{"children":[{"children":[{"children":[],"clickable":true,"contentDesc":"","depth":7,"height":57,"isList":false,"nodeRelateHash":93208840,"path":"/FrameLayout/FrameLayout/ListView/LinearLayout/LinearLayout/RelativeLayout/TextView","resourceID":"com.flauschcode.broccoli:id/title","total_view":1,"viewNodeIDRelative":0,"viewTag":"android.widget.TextView","viewText":"Delete","webContent":false,"width":431,"x":597,"xpath":"/FrameLayout/FrameLayout/ListView/LinearLayout/LinearLayout/RelativeLayout/TextView","y":507}],"clickable":true,"contentDesc":"","depth":6,"height":57,"isList":false,"nodeRelateHash":-555436839,"path":"/FrameLayout/FrameLayout/ListView/LinearLayout/LinearLayout/RelativeLayout","resourceID":"","total_view":2,"viewNodeIDRelative":0,"viewTag":"android.widget.RelativeLayout","viewText":"","webContent":false,"width":431,"x":597,"xpath":"/FrameLayout/FrameLayout/ListView/LinearLayout/LinearLayout/RelativeLayout","y":507}],"clickable":true,"contentDesc":"","depth":5,"height":126,"isList":false,"nodeRelateHash":2058714477,"path":"/FrameLayout/FrameLayout/ListView/LinearLayout/LinearLayout","resourceID":"com.flauschcode.broccoli:id/content","total_view":3,"viewNodeIDRelative":0,"viewTag":"android.widget.LinearLayout","viewText":"","webContent":false,"width":515,"x":555,"xpath":"/FrameLayout/FrameLayout/ListView/LinearLayout/LinearLayout","y":473}],"clickable":true,"contentDesc":"","depth":4,"height":126,"isList":false,"nodeRelateHash":1771956888,"path":"/FrameLayout/FrameLayout/ListView/LinearLayout","resourceID":"","total_view":4,"viewNodeIDRelative":0,"viewTag":"android.widget.LinearLayout","viewText":"","webContent":false,"width":515,"x":555,"xpath":"/FrameLayout/FrameLayout/ListView/LinearLayout","y":473}],"clickable":true,"contentDesc":"","depth":3,"height":504,"isList":true,"nodeRelateHash":1332253146,"path":"/FrameLayout/FrameLayout/ListView","resourceID":"","total_view":17,"viewNodeIDRelative":0,"viewTag":"android.widget.ListView","viewText":"","webContent":false,"width":515,"x":555,"xpath":"/FrameLayout/FrameLayout/ListView","y":95}],"clickable":true,"contentDesc":"","depth":2,"height":546,"isList":false,"nodeRelateHash":1540235161,"path":"/FrameLayout/FrameLayout","resourceID":"","total_view":18,"viewNodeIDRelative":0,"viewTag":"android.widget.FrameLayout","viewText":"","webContent":false,"width":515,"x":555,"xpath":"/FrameLayout/FrameLayout","y":74}],"clickable":true,"contentDesc":"","depth":1,"height":546,"isList":false,"nodeRelateHash":-311706836,"path":"/FrameLayout","resourceID":"","total_view":19,"viewNodeIDRelative":0,"viewTag":"android.widget.FrameLayout","viewText":"","webContent":false,"width":515,"x":555,"xpath":"/FrameLayout","y":74}],"clickable":false,"depth":0,"height":0,"isList":false,"nodeRelateHash":-582073148,"path":"","total_view":19,"viewNodeIDRelative":0,"webContent":false,"width":0,"x":0,"xpath":"","y":0},"totalViewCount":19,"treeStructureHash":-582073148}