{"Deeplink":"","activityName":"RecipeDetailsActivity","clickable_list":["/FrameLayout/LinearLayout/FrameLayout/LinearLayout/FrameLayout/ScrollView/ImageButton","/FrameLayout/LinearLayout/FrameLayout/LinearLayout/FrameLayout/ScrollView/LinearLayout/FrameLayout/View","/FrameLayout/LinearLayout/FrameLayout/LinearLayout/FrameLayout/ScrollView/ScrollView/LinearLayout/TextView","/FrameLayout/LinearLayout/FrameLayout/LinearLayout/FrameLayout/ScrollView/LinearLayout/FrameLayout/ViewGroup/View","/FrameLayout/LinearLayout/FrameLayout/LinearLayout/FrameLayout/ScrollView/LinearLayout/FrameLayout/ViewGroup/ImageButton","/FrameLayout/LinearLayout/FrameLayout/LinearLayout/FrameLayout/ScrollView/ScrollView/LinearLayout/ViewGroup/ImageView","/FrameLayout/LinearLayout/FrameLayout/LinearLayout/FrameLayout/ScrollView/ScrollView/LinearLayout/ViewGroup/TextView","/FrameLayout/LinearLayout/FrameLayout/LinearLayout/FrameLayout/ScrollView/LinearLayout/FrameLayout/ViewGroup/LinearLayoutCompat/Button","/FrameLayout/LinearLayout/FrameLayout/LinearLayout/FrameLayout/ScrollView/LinearLayout/FrameLayout/ViewGroup/LinearLayoutCompat/ImageView","/FrameLayout/LinearLayout/FrameLayout/LinearLayout/FrameLayout/ScrollView/ScrollView/LinearLayout/LinearLayout/ViewGroup/ImageView","/FrameLayout/LinearLayout/FrameLayout/LinearLayout/FrameLayout/ScrollView/ScrollView/LinearLayout/LinearLayout/ViewGroup/TextView"],"deeplink":"","hasWebview":false,"relativeCount":0,"root":{"children":[{"children":[{"children":[{"children":[{"children":[{"children":[{"children":[{"children":[],"clickable":true,"contentDesc":"Cook","depth":7,"height":147,"isList":false,"nodeRelateHash":93198269,"path":"/FrameLayout/LinearLayout/FrameLayout/LinearLayout/FrameLayout/ScrollView/ImageButton","resourceID":"com.flauschcode.broccoli:id/fab_cooking_assistant","total_view":1,"viewNodeIDRelative":0,"viewTag":"android.widget.ImageButton","viewText":"","webContent":false,"width":147,"x":891,"xpath":"/FrameLayout/LinearLayout/FrameLayout/LinearLayout/FrameLayout/ScrollView/ImageButton","y":1731},{"children":[{"children":[{"children":[{"children":[{"children":[],"clickable":true,"contentDesc":"Mark as favorite","depth":11,"height":126,"isList":false,"nodeRelateHash":-1406029631,"path":"/FrameLayout/LinearLayout/FrameLayout/LinearLayout/FrameLayout/ScrollView/LinearLayout/FrameLayout/ViewGroup/LinearLayoutCompat/Button","resourceID":"com.flauschcode.broccoli:id/action_details_like","total_view":1,"viewNodeIDRelative":0,"viewTag":"android.widget.Button","viewText":"","webContent":false,"width":127,"x":848,"xpath":"/FrameLayout/LinearLayout/FrameLayout/LinearLayout/FrameLayout/ScrollView/LinearLayout/FrameLayout/ViewGroup/LinearLayoutCompat/Button","y":73},{"children":[],"clickable":true,"contentDesc":"More options","depth":11,"height":126,"isList":false,"nodeRelateHash":-1405821094,"path":"/FrameLayout/LinearLayout/FrameLayout/LinearLayout/FrameLayout/ScrollView/LinearLayout/FrameLayout/ViewGroup/LinearLayoutCompat/ImageView","resourceID":"","total_view":1,"viewNodeIDRelative":0,"viewTag":"android.widget.ImageView","viewText":"","webContent":false,"width":105,"x":975,"xpath":"/FrameLayout/LinearLayout/FrameLayout/LinearLayout/FrameLayout/ScrollView/LinearLayout/FrameLayout/ViewGroup/LinearLayoutCompat/ImageView","y":73}],"clickable":true,"contentDesc":"","depth":10,"height":147,"isList":false,"nodeRelateHash":1252733933,"path":"/FrameLayout/LinearLayout/FrameLayout/LinearLayout/FrameLayout/ScrollView/LinearLayout/FrameLayout/ViewGroup/LinearLayoutCompat","resourceID":"","total_view":3,"viewNodeIDRelative":0,"viewTag":"androidx.appcompat.widget.LinearLayoutCompat","viewText":"","webContent":false,"width":232,"x":848,"xpath":"/FrameLayout/LinearLayout/FrameLayout/LinearLayout/FrameLayout/ScrollView/LinearLayout/FrameLayout/ViewGroup/LinearLayoutCompat","y":63},{"children":[],"clickable":true,"contentDesc":"","depth":10,"height":147,"isList":false,"nodeRelateHash":-1406357333,"path":"/FrameLayout/LinearLayout/FrameLayout/LinearLayout/FrameLayout/ScrollView/LinearLayout/FrameLayout/ViewGroup/View","resourceID":"","total_view":1,"viewNodeIDRelative":0,"viewTag":"android.view.View","viewText":"","webContent":false,"width":659,"x":189,"xpath":"/FrameLayout/LinearLayout/FrameLayout/LinearLayout/FrameLayout/ScrollView/LinearLayout/FrameLayout/ViewGroup/View","y":63},{"children":[],"clickable":true,"contentDesc":"Navigate up","depth":10,"height":147,"isList":false,"nodeRelateHash":-1405821095,"path":"/FrameLayout/LinearLayout/FrameLayout/LinearLayout/FrameLayout/ScrollView/LinearLayout/FrameLayout/ViewGroup/ImageButton","resourceID":"","total_view":1,"viewNodeIDRelative":0,"viewTag":"android.widget.ImageButton","viewText":"","webContent":false,"width":147,"x":0,"xpath":"/FrameLayout/LinearLayout/FrameLayout/LinearLayout/FrameLayout/ScrollView/LinearLayout/FrameLayout/ViewGroup/ImageButton","y":63}],"clickable":true,"contentDesc":"","depth":9,"height":147,"isList":false,"nodeRelateHash":-1020130717,"path":"/FrameLayout/LinearLayout/FrameLayout/LinearLayout/FrameLayout/ScrollView/LinearLayout/FrameLayout/ViewGroup","resourceID":"com.flauschcode.broccoli:id/toolbar","total_view":6,"viewNodeIDRelative":0,"viewTag":"android.view.ViewGroup","viewText":"","webContent":false,"width":1080,"x":0,"xpath":"/FrameLayout/LinearLayout/FrameLayout/LinearLayout/FrameLayout/ScrollView/LinearLayout/FrameLayout/ViewGroup","y":63},{"children":[],"clickable":true,"contentDesc":"","depth":9,"height":210,"isList":false,"nodeRelateHash":93180973,"path":"/FrameLayout/LinearLayout/FrameLayout/LinearLayout/FrameLayout/ScrollView/LinearLayout/FrameLayout/View","resourceID":"","total_view":1,"viewNodeIDRelative":0,"viewTag":"android.view.View","viewText":"","webContent":false,"width":1080,"x":0,"xpath":"/FrameLayout/LinearLayout/FrameLayout/LinearLayout/FrameLayout/ScrollView/LinearLayout/FrameLayout/View","y":0},{"children":[],"clickable":true,"contentDesc":"Recipe photo","depth":9,"height":210,"isList":false,"nodeRelateHash":93198271,"path":"/FrameLayout/LinearLayout/FrameLayout/LinearLayout/FrameLayout/ScrollView/LinearLayout/FrameLayout/ImageView","resourceID":"com.flauschcode.broccoli:id/backdrop","total_view":1,"viewNodeIDRelative":0,"viewTag":"android.widget.ImageView","viewText":"","webContent":false,"width":1080,"x":0,"xpath":"/FrameLayout/LinearLayout/FrameLayout/LinearLayout/FrameLayout/ScrollView/LinearLayout/FrameLayout/ImageView","y":0}],"clickable":true,"contentDesc":"test","depth":8,"height":210,"isList":false,"nodeRelateHash":-952615174,"path":"/FrameLayout/LinearLayout/FrameLayout/LinearLayout/FrameLayout/ScrollView/LinearLayout/FrameLayout","resourceID":"com.flauschcode.broccoli:id/toolbar_layout","total_view":9,"viewNodeIDRelative":0,"viewTag":"android.widget.FrameLayout","viewText":"","webContent":false,"width":1080,"x":0,"xpath":"/FrameLayout/LinearLayout/FrameLayout/LinearLayout/FrameLayout/ScrollView/LinearLayout/FrameLayout","y":0}],"clickable":true,"contentDesc":"","depth":7,"height":210,"isList":false,"nodeRelateHash":1512759613,"path":"/FrameLayout/LinearLayout/FrameLayout/LinearLayout/FrameLayout/ScrollView/LinearLayout","resourceID":"com.flauschcode.broccoli:id/app_bar","total_view":10,"viewNodeIDRelative":0,"viewTag":"android.widget.LinearLayout","viewText":"","webContent":false,"width":1080,"x":0,"xpath":"/FrameLayout/LinearLayout/FrameLayout/LinearLayout/FrameLayout/ScrollView/LinearLayout","y":0},{"children":[{"children":[{"children":[{"children":[{"children":[],"clickable":true,"contentDesc":"Source","depth":11,"height":57,"isList":false,"nodeRelateHash":-1405821094,"path":"/FrameLayout/LinearLayout/FrameLayout/LinearLayout/FrameLayout/ScrollView/ScrollView/LinearLayout/LinearLayout/ViewGroup/ImageView","resourceID":"com.flauschcode.broccoli:id/details_icon_source","total_view":1,"viewNodeIDRelative":0,"viewTag":"android.widget.ImageView","viewText":"","webContent":false,"width":63,"x":42,"xpath":"/FrameLayout/LinearLayout/FrameLayout/LinearLayout/FrameLayout/ScrollView/ScrollView/LinearLayout/LinearLayout/ViewGroup/ImageView","y":471},{"children":[],"clickable":true,"contentDesc":"","depth":11,"height":51,"isList":false,"nodeRelateHash":-1405493393,"path":"/FrameLayout/LinearLayout/FrameLayout/LinearLayout/FrameLayout/ScrollView/ScrollView/LinearLayout/LinearLayout/ViewGroup/TextView","resourceID":"com.flauschcode.broccoli:id/details_source","total_view":1,"viewNodeIDRelative":0,"viewTag":"android.widget.TextView","viewText":"test","webContent":false,"width":907,"x":131,"xpath":"/FrameLayout/LinearLayout/FrameLayout/LinearLayout/FrameLayout/ScrollView/ScrollView/LinearLayout/LinearLayout/ViewGroup/TextView","y":471}],"clickable":true,"contentDesc":"","depth":10,"height":57,"isList":false,"nodeRelateHash":-889709354,"path":"/FrameLayout/LinearLayout/FrameLayout/LinearLayout/FrameLayout/ScrollView/ScrollView/LinearLayout/LinearLayout/ViewGroup","resourceID":"","total_view":3,"viewNodeIDRelative":0,"viewTag":"android.view.ViewGroup","viewText":"","webContent":false,"width":996,"x":42,"xpath":"/FrameLayout/LinearLayout/FrameLayout/LinearLayout/FrameLayout/ScrollView/ScrollView/LinearLayout/LinearLayout/ViewGroup","y":471}],"clickable":true,"contentDesc":"","depth":9,"height":57,"isList":false,"nodeRelateHash":-1689807104,"path":"/FrameLayout/LinearLayout/FrameLayout/LinearLayout/FrameLayout/ScrollView/ScrollView/LinearLayout/LinearLayout","resourceID":"","total_view":4,"viewNodeIDRelative":0,"viewTag":"android.widget.LinearLayout","viewText":"","webContent":false,"width":996,"x":42,"xpath":"/FrameLayout/LinearLayout/FrameLayout/LinearLayout/FrameLayout/ScrollView/ScrollView/LinearLayout/LinearLayout","y":471},{"children":[{"children":[],"clickable":true,"contentDesc":"Servings","depth":10,"height":57,"isList":false,"nodeRelateHash":-1405821095,"path":"/FrameLayout/LinearLayout/FrameLayout/LinearLayout/FrameLayout/ScrollView/ScrollView/LinearLayout/ViewGroup/ImageView","resourceID":"com.flauschcode.broccoli:id/details_icon_servings","total_view":1,"viewNodeIDRelative":0,"viewTag":"android.widget.ImageView","viewText":"","webContent":false,"width":63,"x":42,"xpath":"/FrameLayout/LinearLayout/FrameLayout/LinearLayout/FrameLayout/ScrollView/ScrollView/LinearLayout/ViewGroup/ImageView","y":372},{"children":[],"clickable":true,"contentDesc":"","depth":10,"height":51,"isList":false,"nodeRelateHash":-1405493394,"path":"/FrameLayout/LinearLayout/FrameLayout/LinearLayout/FrameLayout/ScrollView/ScrollView/LinearLayout/ViewGroup/TextView","resourceID":"com.flauschcode.broccoli:id/details_servings","total_view":1,"viewNodeIDRelative":0,"viewTag":"android.widget.TextView","viewText":"test","webContent":false,"width":207,"x":105,"xpath":"/FrameLayout/LinearLayout/FrameLayout/LinearLayout/FrameLayout/ScrollView/ScrollView/LinearLayout/ViewGroup/TextView","y":372}],"clickable":true,"contentDesc":"","depth":9,"height":57,"isList":false,"nodeRelateHash":-227641288,"path":"/FrameLayout/LinearLayout/FrameLayout/LinearLayout/FrameLayout/ScrollView/ScrollView/LinearLayout/ViewGroup","resourceID":"","total_view":3,"viewNodeIDRelative":0,"viewTag":"android.view.ViewGroup","viewText":"","webContent":false,"width":996,"x":42,"xpath":"/FrameLayout/LinearLayout/FrameLayout/LinearLayout/FrameLayout/ScrollView/ScrollView/LinearLayout/ViewGroup","y":372},{"children":[],"clickable":true,"contentDesc":"","depth":9,"height":78,"isList":false,"nodeRelateHash":93208842,"path":"/FrameLayout/LinearLayout/FrameLayout/LinearLayout/FrameLayout/ScrollView/ScrollView/LinearLayout/TextView","resourceID":"com.flauschcode.broccoli:id/details_title","total_view":1,"viewNodeIDRelative":0,"viewTag":"android.widget.TextView","viewText":"test","webContent":false,"width":996,"x":42,"xpath":"/FrameLayout/LinearLayout/FrameLayout/LinearLayout/FrameLayout/ScrollView/ScrollView/LinearLayout/TextView","y":252}],"clickable":true,"contentDesc":"","depth":8,"height":554,"isList":false,"nodeRelateHash":-218005465,"path":"/FrameLayout/LinearLayout/FrameLayout/LinearLayout/FrameLayout/ScrollView/ScrollView/LinearLayout","resourceID":"","total_view":9,"viewNodeIDRelative":0,"viewTag":"android.widget.LinearLayout","viewText":"","webContent":false,"width":1080,"x":0,"xpath":"/FrameLayout/LinearLayout/FrameLayout/LinearLayout/FrameLayout/ScrollView/ScrollView/LinearLayout","y":210}],"clickable":true,"contentDesc":"","depth":7,"height":1710,"isList":false,"nodeRelateHash":1702270385,"path":"/FrameLayout/LinearLayout/FrameLayout/LinearLayout/FrameLayout/ScrollView/ScrollView","resourceID":"com.flauschcode.broccoli:id/scroll_view","total_view":10,"viewNodeIDRelative":0,"viewTag":"android.widget.ScrollView","viewText":"","webContent":false,"width":1080,"x":0,"xpath":"/FrameLayout/LinearLayout/FrameLayout/LinearLayout/FrameLayout/ScrollView/ScrollView","y":210}],"clickable":true,"contentDesc":"","depth":6,"height":1920,"isList":false,"nodeRelateHash":373621588,"path":"/FrameLayout/LinearLayout/FrameLayout/LinearLayout/FrameLayout/ScrollView","resourceID":"","total_view":22,"viewNodeIDRelative":0,"viewTag":"android.widget.ScrollView","viewText":"","webContent":false,"width":1080,"x":0,"xpath":"/FrameLayout/LinearLayout/FrameLayout/LinearLayout/FrameLayout/ScrollView","y":0}],"clickable":true,"contentDesc":"","depth":5,"height":1920,"isList":false,"nodeRelateHash":298477175,"path":"/FrameLayout/LinearLayout/FrameLayout/LinearLayout/FrameLayout","resourceID":"android:id/content","total_view":23,"viewNodeIDRelative":0,"viewTag":"android.widget.FrameLayout","viewText":"","webContent":false,"width":1080,"x":0,"xpath":"/FrameLayout/LinearLayout/FrameLayout/LinearLayout/FrameLayout","y":0}],"clickable":true,"contentDesc":"","depth":4,"height":1920,"isList":false,"nodeRelateHash":-1937287185,"path":"/FrameLayout/LinearLayout/FrameLayout/LinearLayout","resourceID":"com.flauschcode.broccoli:id/action_bar_root","total_view":24,"viewNodeIDRelative":0,"viewTag":"android.widget.LinearLayout","viewText":"","webContent":false,"width":1080,"x":0,"xpath":"/FrameLayout/LinearLayout/FrameLayout/LinearLayout","y":0}],"clickable":true,"contentDesc":"","depth":3,"height":1920,"isList":false,"nodeRelateHash":-827894304,"path":"/FrameLayout/LinearLayout/FrameLayout","resourceID":"","total_view":25,"viewNodeIDRelative":0,"viewTag":"android.widget.FrameLayout","viewText":"","webContent":false,"width":1080,"x":0,"xpath":"/FrameLayout/LinearLayout/FrameLayout","y":0}],"clickable":true,"contentDesc":"","depth":2,"height":1920,"isList":false,"nodeRelateHash":-1306225233,"path":"/FrameLayout/LinearLayout","resourceID":"","total_view":26,"viewNodeIDRelative":0,"viewTag":"android.widget.LinearLayout","viewText":"","webContent":false,"width":1080,"x":0,"xpath":"/FrameLayout/LinearLayout","y":0}],"clickable":true,"contentDesc":"","depth":1,"height":1920,"isList":false,"nodeRelateHash":-657834850,"path":"/FrameLayout","resourceID":"","total_view":27,"viewNodeIDRelative":0,"viewTag":"android.widget.FrameLayout","viewText":"","webContent":false,"width":1080,"x":0,"xpath":"/FrameLayout","y":0}],"clickable":false,"depth":0,"height":0,"isList":false,"nodeRelateHash":2028199781,"path":"","total_view":27,"viewNodeIDRelative":0,"webContent":false,"width":0,"x":0,"xpath":"","y":0},"totalViewCount":27,"treeStructureHash":2028199781}